<?xml version='1.1' encoding='UTF-8' standalone='yes'?>
<bamboo>
 <date>Mon Dec 29 15:33:32 CST 2014</date>
 <version>5.7.1</version>
 <buildDate>24-Nov-2014</buildDate>
 <build>5715</build>
 <serverID>B5L5-MUNR-UV90-BR71</serverID>
 <acls>
  <acl>
   <objectIdentity>999999</objectIdentity>
   <objectType>com.atlassian.bamboo.security.GlobalApplicationSecureObject</objectType>
   <owner>bamboo-admin</owner>
   <ownerType>GROUP_PRINCIPAL</ownerType>
   <aces>
    <ace>
     <mask>16</mask>
     <sid>bamboo-admin</sid>
     <type>GROUP_PRINCIPAL</type>
    </ace>
    <ace>
     <mask>4</mask>
     <sid>bamboo-admin</sid>
     <type>GROUP_PRINCIPAL</type>
    </ace>
    <ace>
     <mask>1</mask>
     <sid>bamboo-admin</sid>
     <type>GROUP_PRINCIPAL</type>
    </ace>
    <ace>
     <mask>1</mask>
     <sid>ROLE_USER</sid>
     <type>GRANTED_AUTHORITY</type>
    </ace>
    <ace>
     <mask>1</mask>
     <sid>ROLE_ANONYMOUS</sid>
     <type>GRANTED_AUTHORITY</type>
    </ace>
   </aces>
  </acl>
  <acl>
   <objectIdentity>327681</objectIdentity>
   <objectType>com.atlassian.bamboo.repository.RepositoryDataEntityImpl</objectType>
   <owner>mcitadm</owner>
   <ownerType>PRINCIPAL</ownerType>
   <aces>
    <ace>
     <mask>1</mask>
     <sid>mcitadm</sid>
     <type>PRINCIPAL</type>
    </ace>
    <ace>
     <mask>1</mask>
     <sid>ROLE_USER</sid>
     <type>GRANTED_AUTHORITY</type>
    </ace>
   </aces>
  </acl>
  <acl>
   <objectIdentity>393217</objectIdentity>
   <objectType>com.atlassian.bamboo.chains.DefaultChain</objectType>
   <owner>mcitadm</owner>
   <ownerType>PRINCIPAL</ownerType>
   <aces>
    <ace>
     <mask>2</mask>
     <sid>mcitadm</sid>
     <type>PRINCIPAL</type>
    </ace>
    <ace>
     <mask>1</mask>
     <sid>mcitadm</sid>
     <type>PRINCIPAL</type>
    </ace>
    <ace>
     <mask>1</mask>
     <sid>ROLE_USER</sid>
     <type>GRANTED_AUTHORITY</type>
    </ace>
    <ace>
     <mask>1</mask>
     <sid>ROLE_ANONYMOUS</sid>
     <type>GRANTED_AUTHORITY</type>
    </ace>
    <ace>
     <mask>16</mask>
     <sid>mcitadm</sid>
     <type>PRINCIPAL</type>
    </ace>
    <ace>
     <mask>128</mask>
     <sid>mcitadm</sid>
     <type>PRINCIPAL</type>
    </ace>
    <ace>
     <mask>64</mask>
     <sid>mcitadm</sid>
     <type>PRINCIPAL</type>
    </ace>
   </aces>
  </acl>
 </acls>
</bamboo>