<?xml version='1.0' encoding='UTF-8'?>
<backup xmlns="http://www.atlassian.com/ao" xmlns:xsi="http://www.w3.org/2001/XMLSchema-instance">
  <database>
    <meta key="database.name" value="PostgreSQL"/>
    <meta key="database.version" value="9.3.5"/>
    <meta key="database.minorVersion" value="3"/>
    <meta key="database.majorVersion" value="9"/>
    <meta key="driver.name" value="PostgreSQL Native Driver"/>
    <meta key="driver.version" value="PostgreSQL 8.4 JDBC3 (build 701)"/>
  </database>
  <table name="AO_38321B_CUSTOM_CONTENT_LINK">
    <column name="CONTENT_KEY" primaryKey="false" autoIncrement="false" sqlType="12" precision="255"/>
    <column name="ID" primaryKey="true" autoIncrement="true" sqlType="4" precision="10"/>
    <column name="LINK_LABEL" primaryKey="false" autoIncrement="false" sqlType="12" precision="255"/>
    <column name="LINK_URL" primaryKey="false" autoIncrement="false" sqlType="12" precision="255"/>
    <column name="SEQUENCE" primaryKey="false" autoIncrement="false" sqlType="4" precision="10"/>
  </table>
  <table name="AO_7A45FB_AOTRACKING_ENTRY">
    <column name="ACTIVE" primaryKey="false" autoIncrement="false" sqlType="-7" precision="1"/>
    <column name="PLAN_ID" primaryKey="false" autoIncrement="false" sqlType="-5" precision="19"/>
    <column name="TRACKING_ID" primaryKey="true" autoIncrement="true" sqlType="4" precision="10"/>
  </table>
  <table name="AO_7A45FB_AOTRACKING_RESULT">
    <column name="BUILD_NUMBER" primaryKey="false" autoIncrement="false" sqlType="4" precision="10"/>
    <column name="LINKED_TRACKING_ENTRY_ID" primaryKey="false" autoIncrement="false" sqlType="4" precision="10"/>
    <column name="RESULT_ID" primaryKey="true" autoIncrement="true" sqlType="4" precision="10"/>
    <column name="RESULT_SUMMARY_ID" primaryKey="false" autoIncrement="false" sqlType="-5" precision="19"/>
    <foreignKey fromTable="AO_7A45FB_AOTRACKING_RESULT" fromColumn="LINKED_TRACKING_ENTRY_ID" toTable="AO_7A45FB_AOTRACKING_ENTRY" toColumn="TRACKING_ID"/>
  </table>
  <table name="AO_7A45FB_AOTRACKING_USER">
    <column name="LINKED_TRACKING_ENTRY_ID" primaryKey="false" autoIncrement="false" sqlType="4" precision="10"/>
    <column name="USERNAME" primaryKey="false" autoIncrement="false" sqlType="12" precision="255"/>
    <column name="USER_ID" primaryKey="true" autoIncrement="true" sqlType="4" precision="10"/>
    <column name="USER_WHO_UPDATED" primaryKey="false" autoIncrement="false" sqlType="12" precision="255"/>
    <foreignKey fromTable="AO_7A45FB_AOTRACKING_USER" fromColumn="LINKED_TRACKING_ENTRY_ID" toTable="AO_7A45FB_AOTRACKING_ENTRY" toColumn="TRACKING_ID"/>
  </table>
  <table name="AO_A0B856_WEB_HOOK_LISTENER_AO">
    <column name="ENABLED" primaryKey="false" autoIncrement="false" sqlType="-7" precision="1"/>
    <column name="EVENTS" primaryKey="false" autoIncrement="false" sqlType="12" precision="1073741824"/>
    <column name="ID" primaryKey="true" autoIncrement="true" sqlType="4" precision="10"/>
    <column name="LAST_UPDATED" primaryKey="false" autoIncrement="false" sqlType="93" precision="29" scale="6"/>
    <column name="LAST_UPDATED_USER" primaryKey="false" autoIncrement="false" sqlType="12" precision="255"/>
    <column name="NAME" primaryKey="false" autoIncrement="false" sqlType="12" precision="1073741824"/>
    <column name="PARAMETERS" primaryKey="false" autoIncrement="false" sqlType="12" precision="1073741824"/>
    <column name="REGISTRATION_METHOD" primaryKey="false" autoIncrement="false" sqlType="12" precision="255"/>
    <column name="URL" primaryKey="false" autoIncrement="false" sqlType="12" precision="1073741824"/>
  </table>
  <data tableName="AO_38321B_CUSTOM_CONTENT_LINK">
    <column name="CONTENT_KEY"/>
    <column name="ID"/>
    <column name="LINK_LABEL"/>
    <column name="LINK_URL"/>
    <column name="SEQUENCE"/>
  </data>
  <data tableName="AO_7A45FB_AOTRACKING_ENTRY">
    <column name="ACTIVE"/>
    <column name="PLAN_ID"/>
    <column name="TRACKING_ID"/>
    <row>
      <boolean>true</boolean>
      <integer>393217</integer>
      <integer>2</integer>
    </row>
    <row>
      <boolean>true</boolean>
      <integer>393233</integer>
      <integer>3</integer>
    </row>
    <row>
      <boolean>true</boolean>
      <integer>393240</integer>
      <integer>4</integer>
    </row>
    <row>
      <boolean>true</boolean>
      <integer>393247</integer>
      <integer>5</integer>
    </row>
    <row>
      <boolean>false</boolean>
      <integer>393226</integer>
      <integer>1</integer>
    </row>
  </data>
  <data tableName="AO_7A45FB_AOTRACKING_RESULT">
    <column name="BUILD_NUMBER"/>
    <column name="LINKED_TRACKING_ENTRY_ID"/>
    <column name="RESULT_ID"/>
    <column name="RESULT_SUMMARY_ID"/>
    <row>
      <integer>1</integer>
      <integer>1</integer>
      <integer>1</integer>
      <integer>720897</integer>
    </row>
    <row>
      <integer>19</integer>
      <integer>4</integer>
      <integer>63</integer>
      <integer>721331</integer>
    </row>
    <row>
      <integer>1</integer>
      <integer>2</integer>
      <integer>2</integer>
      <integer>720904</integer>
    </row>
    <row>
      <integer>2</integer>
      <integer>1</integer>
      <integer>3</integer>
      <integer>720911</integer>
    </row>
    <row>
      <integer>14</integer>
      <integer>3</integer>
      <integer>64</integer>
      <integer>721338</integer>
    </row>
    <row>
      <integer>2</integer>
      <integer>2</integer>
      <integer>4</integer>
      <integer>720918</integer>
    </row>
    <row>
      <integer>1</integer>
      <integer>3</integer>
      <integer>5</integer>
      <integer>720925</integer>
    </row>
    <row>
      <integer>20</integer>
      <integer>4</integer>
      <integer>65</integer>
      <integer>721345</integer>
    </row>
    <row>
      <integer>2</integer>
      <integer>3</integer>
      <integer>6</integer>
      <integer>720932</integer>
    </row>
    <row>
      <integer>3</integer>
      <integer>1</integer>
      <integer>7</integer>
      <integer>720939</integer>
    </row>
    <row>
      <integer>17</integer>
      <integer>1</integer>
      <integer>66</integer>
      <integer>721352</integer>
    </row>
    <row>
      <integer>3</integer>
      <integer>2</integer>
      <integer>8</integer>
      <integer>720946</integer>
    </row>
    <row>
      <integer>1</integer>
      <integer>4</integer>
      <integer>9</integer>
      <integer>720953</integer>
    </row>
    <row>
      <integer>16</integer>
      <integer>2</integer>
      <integer>67</integer>
      <integer>721359</integer>
    </row>
    <row>
      <integer>4</integer>
      <integer>2</integer>
      <integer>10</integer>
      <integer>720960</integer>
    </row>
    <row>
      <integer>2</integer>
      <integer>4</integer>
      <integer>11</integer>
      <integer>720967</integer>
    </row>
    <row>
      <integer>18</integer>
      <integer>1</integer>
      <integer>68</integer>
      <integer>721366</integer>
    </row>
    <row>
      <integer>4</integer>
      <integer>1</integer>
      <integer>12</integer>
      <integer>720974</integer>
    </row>
    <row>
      <integer>5</integer>
      <integer>2</integer>
      <integer>13</integer>
      <integer>720981</integer>
    </row>
    <row>
      <integer>17</integer>
      <integer>2</integer>
      <integer>69</integer>
      <integer>721373</integer>
    </row>
    <row>
      <integer>3</integer>
      <integer>4</integer>
      <integer>14</integer>
      <integer>720988</integer>
    </row>
    <row>
      <integer>3</integer>
      <integer>3</integer>
      <integer>15</integer>
      <integer>720995</integer>
    </row>
    <row>
      <integer>21</integer>
      <integer>4</integer>
      <integer>70</integer>
      <integer>721382</integer>
    </row>
    <row>
      <integer>5</integer>
      <integer>1</integer>
      <integer>16</integer>
      <integer>721002</integer>
    </row>
    <row>
      <integer>6</integer>
      <integer>2</integer>
      <integer>17</integer>
      <integer>721009</integer>
    </row>
    <row>
      <integer>15</integer>
      <integer>3</integer>
      <integer>71</integer>
      <integer>721380</integer>
    </row>
    <row>
      <integer>4</integer>
      <integer>4</integer>
      <integer>18</integer>
      <integer>721023</integer>
    </row>
    <row>
      <integer>4</integer>
      <integer>3</integer>
      <integer>19</integer>
      <integer>721016</integer>
    </row>
    <row>
      <integer>19</integer>
      <integer>1</integer>
      <integer>72</integer>
      <integer>721394</integer>
    </row>
    <row>
      <integer>5</integer>
      <integer>3</integer>
      <integer>20</integer>
      <integer>721030</integer>
    </row>
    <row>
      <integer>5</integer>
      <integer>4</integer>
      <integer>21</integer>
      <integer>721037</integer>
    </row>
    <row>
      <integer>18</integer>
      <integer>2</integer>
      <integer>73</integer>
      <integer>721401</integer>
    </row>
    <row>
      <integer>6</integer>
      <integer>1</integer>
      <integer>22</integer>
      <integer>721044</integer>
    </row>
    <row>
      <integer>7</integer>
      <integer>2</integer>
      <integer>23</integer>
      <integer>721051</integer>
    </row>
    <row>
      <integer>16</integer>
      <integer>3</integer>
      <integer>74</integer>
      <integer>721408</integer>
    </row>
    <row>
      <integer>6</integer>
      <integer>4</integer>
      <integer>24</integer>
      <integer>721058</integer>
    </row>
    <row>
      <integer>7</integer>
      <integer>1</integer>
      <integer>25</integer>
      <integer>721065</integer>
    </row>
    <row>
      <integer>22</integer>
      <integer>4</integer>
      <integer>75</integer>
      <integer>721415</integer>
    </row>
    <row>
      <integer>8</integer>
      <integer>2</integer>
      <integer>26</integer>
      <integer>721072</integer>
    </row>
    <row>
      <integer>6</integer>
      <integer>3</integer>
      <integer>27</integer>
      <integer>721079</integer>
    </row>
    <row>
      <integer>19</integer>
      <integer>2</integer>
      <integer>76</integer>
      <integer>721422</integer>
    </row>
    <row>
      <integer>7</integer>
      <integer>4</integer>
      <integer>28</integer>
      <integer>721086</integer>
    </row>
    <row>
      <integer>8</integer>
      <integer>1</integer>
      <integer>29</integer>
      <integer>721093</integer>
    </row>
    <row>
      <integer>23</integer>
      <integer>4</integer>
      <integer>77</integer>
      <integer>721436</integer>
    </row>
    <row>
      <integer>9</integer>
      <integer>2</integer>
      <integer>30</integer>
      <integer>721100</integer>
    </row>
    <row>
      <integer>7</integer>
      <integer>3</integer>
      <integer>31</integer>
      <integer>721109</integer>
    </row>
    <row>
      <integer>17</integer>
      <integer>3</integer>
      <integer>78</integer>
      <integer>721429</integer>
    </row>
    <row>
      <integer>8</integer>
      <integer>4</integer>
      <integer>32</integer>
      <integer>721107</integer>
    </row>
    <row>
      <integer>9</integer>
      <integer>1</integer>
      <integer>33</integer>
      <integer>721121</integer>
    </row>
    <row>
      <integer>20</integer>
      <integer>1</integer>
      <integer>79</integer>
      <integer>721443</integer>
    </row>
    <row>
      <integer>9</integer>
      <integer>4</integer>
      <integer>34</integer>
      <integer>721128</integer>
    </row>
    <row>
      <integer>10</integer>
      <integer>1</integer>
      <integer>35</integer>
      <integer>721135</integer>
    </row>
    <row>
      <integer>20</integer>
      <integer>2</integer>
      <integer>80</integer>
      <integer>721450</integer>
    </row>
    <row>
      <integer>11</integer>
      <integer>1</integer>
      <integer>36</integer>
      <integer>721142</integer>
    </row>
    <row>
      <integer>10</integer>
      <integer>2</integer>
      <integer>37</integer>
      <integer>721149</integer>
    </row>
    <row>
      <integer>24</integer>
      <integer>4</integer>
      <integer>81</integer>
      <integer>721457</integer>
    </row>
    <row>
      <integer>8</integer>
      <integer>3</integer>
      <integer>38</integer>
      <integer>721156</integer>
    </row>
    <row>
      <integer>10</integer>
      <integer>4</integer>
      <integer>39</integer>
      <integer>721163</integer>
    </row>
    <row>
      <integer>18</integer>
      <integer>3</integer>
      <integer>82</integer>
      <integer>721464</integer>
    </row>
    <row>
      <integer>12</integer>
      <integer>1</integer>
      <integer>40</integer>
      <integer>721170</integer>
    </row>
    <row>
      <integer>11</integer>
      <integer>2</integer>
      <integer>41</integer>
      <integer>721177</integer>
    </row>
    <row>
      <integer>25</integer>
      <integer>4</integer>
      <integer>83</integer>
      <integer>721471</integer>
    </row>
    <row>
      <integer>11</integer>
      <integer>4</integer>
      <integer>42</integer>
      <integer>721184</integer>
    </row>
    <row>
      <integer>9</integer>
      <integer>3</integer>
      <integer>43</integer>
      <integer>721191</integer>
    </row>
    <row>
      <integer>21</integer>
      <integer>2</integer>
      <integer>84</integer>
      <integer>721478</integer>
    </row>
    <row>
      <integer>12</integer>
      <integer>4</integer>
      <integer>44</integer>
      <integer>721198</integer>
    </row>
    <row>
      <integer>13</integer>
      <integer>1</integer>
      <integer>45</integer>
      <integer>721205</integer>
    </row>
    <row>
      <integer>1</integer>
      <integer>5</integer>
      <integer>85</integer>
      <integer>721485</integer>
    </row>
    <row>
      <integer>12</integer>
      <integer>2</integer>
      <integer>46</integer>
      <integer>721212</integer>
    </row>
    <row>
      <integer>13</integer>
      <integer>4</integer>
      <integer>47</integer>
      <integer>721219</integer>
    </row>
    <row>
      <integer>2</integer>
      <integer>5</integer>
      <integer>86</integer>
      <integer>721492</integer>
    </row>
    <row>
      <integer>10</integer>
      <integer>3</integer>
      <integer>48</integer>
      <integer>721226</integer>
    </row>
    <row>
      <integer>14</integer>
      <integer>1</integer>
      <integer>49</integer>
      <integer>721233</integer>
    </row>
    <row>
      <integer>21</integer>
      <integer>1</integer>
      <integer>87</integer>
      <integer>721499</integer>
    </row>
    <row>
      <integer>13</integer>
      <integer>2</integer>
      <integer>50</integer>
      <integer>721240</integer>
    </row>
    <row>
      <integer>11</integer>
      <integer>3</integer>
      <integer>51</integer>
      <integer>721247</integer>
    </row>
    <row>
      <integer>22</integer>
      <integer>2</integer>
      <integer>88</integer>
      <integer>721506</integer>
    </row>
    <row>
      <integer>14</integer>
      <integer>4</integer>
      <integer>52</integer>
      <integer>721254</integer>
    </row>
    <row>
      <integer>15</integer>
      <integer>4</integer>
      <integer>53</integer>
      <integer>721261</integer>
    </row>
    <row>
      <integer>26</integer>
      <integer>4</integer>
      <integer>89</integer>
      <integer>721513</integer>
    </row>
    <row>
      <integer>15</integer>
      <integer>1</integer>
      <integer>54</integer>
      <integer>721268</integer>
    </row>
    <row>
      <integer>14</integer>
      <integer>2</integer>
      <integer>55</integer>
      <integer>721275</integer>
    </row>
    <row>
      <integer>19</integer>
      <integer>3</integer>
      <integer>90</integer>
      <integer>721520</integer>
    </row>
    <row>
      <integer>16</integer>
      <integer>4</integer>
      <integer>56</integer>
      <integer>721282</integer>
    </row>
    <row>
      <integer>12</integer>
      <integer>3</integer>
      <integer>57</integer>
      <integer>721289</integer>
    </row>
    <row>
      <integer>3</integer>
      <integer>5</integer>
      <integer>91</integer>
      <integer>721527</integer>
    </row>
    <row>
      <integer>17</integer>
      <integer>4</integer>
      <integer>58</integer>
      <integer>721296</integer>
    </row>
    <row>
      <integer>16</integer>
      <integer>1</integer>
      <integer>59</integer>
      <integer>721303</integer>
    </row>
    <row>
      <integer>4</integer>
      <integer>5</integer>
      <integer>92</integer>
      <integer>721534</integer>
    </row>
    <row>
      <integer>15</integer>
      <integer>2</integer>
      <integer>60</integer>
      <integer>721310</integer>
    </row>
    <row>
      <integer>18</integer>
      <integer>4</integer>
      <integer>61</integer>
      <integer>721317</integer>
    </row>
    <row>
      <integer>13</integer>
      <integer>3</integer>
      <integer>62</integer>
      <integer>721320</integer>
    </row>
  </data>
  <data tableName="AO_7A45FB_AOTRACKING_USER">
    <column name="LINKED_TRACKING_ENTRY_ID"/>
    <column name="USERNAME"/>
    <column name="USER_ID"/>
    <column name="USER_WHO_UPDATED"/>
  </data>
  <data tableName="AO_A0B856_WEB_HOOK_LISTENER_AO">
    <column name="ENABLED"/>
    <column name="EVENTS"/>
    <column name="ID"/>
    <column name="LAST_UPDATED"/>
    <column name="LAST_UPDATED_USER"/>
    <column name="NAME"/>
    <column name="PARAMETERS"/>
    <column name="REGISTRATION_METHOD"/>
    <column name="URL"/>
  </data>
</backup>