<?xml version='1.1' encoding='UTF-8' standalone='yes'?>
<bamboo>
 <date>Mon Dec 29 15:33:32 CST 2014</date>
 <version>5.7.1</version>
 <buildDate>24-Nov-2014</buildDate>
 <build>5715</build>
 <serverID>B5L5-MUNR-UV90-BR71</serverID>
 <artifactDefinitions>
  <definition>
   <id>589825</id>
   <name>Keep app</name>
   <copyPattern>app/**</copyPattern>
   <sharedArtifact>true</sharedArtifact>
   <producerJob>APP-TEST-JOB1</producerJob>
  </definition>
  <definition>
   <id>589826</id>
   <name>Keep backend</name>
   <copyPattern>backend/**</copyPattern>
   <sharedArtifact>true</sharedArtifact>
   <producerJob>APP-TEST-JOB1</producerJob>
  </definition>
  <definition>
   <id>589827</id>
   <name>Keep ci_app</name>
   <copyPattern>ci_app/**</copyPattern>
   <sharedArtifact>true</sharedArtifact>
   <producerJob>APP-TEST-JOB1</producerJob>
  </definition>
 </artifactDefinitions>
</bamboo>