<?xml version='1.1' encoding='UTF-8' standalone='yes'?>
<bamboo>
 <date>Mon Dec 29 15:33:32 CST 2014</date>
 <version>5.7.1</version>
 <buildDate>24-Nov-2014</buildDate>
 <build>5715</build>
 <serverID>B5L5-MUNR-UV90-BR71</serverID>
 <artifacts>
  <artifact>
   <id>851969</id>
   <label>Keep ci_app</label>
   <sharedArtifact>true</sharedArtifact>
   <globallyStored>false</globallyStored>
   <type>com.atlassian.bamboo.plugin.artifact.handler.local:ServerLocalArtifactHandler</type>
   <size>87308</size>
   <planResultKey>APP-TEST0-1</planResultKey>
  </artifact>
  <artifact>
   <id>851970</id>
   <label>Keep backend</label>
   <sharedArtifact>true</sharedArtifact>
   <globallyStored>false</globallyStored>
   <type>com.atlassian.bamboo.plugin.artifact.handler.local:ServerLocalArtifactHandler</type>
   <size>6648069</size>
   <planResultKey>APP-TEST0-1</planResultKey>
  </artifact>
  <artifact>
   <id>851971</id>
   <label>Keep app</label>
   <sharedArtifact>true</sharedArtifact>
   <globallyStored>false</globallyStored>
   <type>com.atlassian.bamboo.plugin.artifact.handler.local:ServerLocalArtifactHandler</type>
   <size>1920970</size>
   <planResultKey>APP-TEST0-1</planResultKey>
  </artifact>
  <artifact>
   <id>851972</id>
   <label>Keep ci_app</label>
   <sharedArtifact>true</sharedArtifact>
   <globallyStored>false</globallyStored>
   <type>com.atlassian.bamboo.plugin.artifact.handler.local:ServerLocalArtifactHandler</type>
   <size>87308</size>
   <planResultKey>APP-TEST-1</planResultKey>
  </artifact>
  <artifact>
   <id>851973</id>
   <label>Keep backend</label>
   <sharedArtifact>true</sharedArtifact>
   <globallyStored>false</globallyStored>
   <type>com.atlassian.bamboo.plugin.artifact.handler.local:ServerLocalArtifactHandler</type>
   <size>6646884</size>
   <planResultKey>APP-TEST-1</planResultKey>
  </artifact>
  <artifact>
   <id>851974</id>
   <label>Keep app</label>
   <sharedArtifact>true</sharedArtifact>
   <globallyStored>false</globallyStored>
   <type>com.atlassian.bamboo.plugin.artifact.handler.local:ServerLocalArtifactHandler</type>
   <size>1920970</size>
   <planResultKey>APP-TEST-1</planResultKey>
  </artifact>
  <artifact>
   <id>851975</id>
   <label>Keep ci_app</label>
   <sharedArtifact>true</sharedArtifact>
   <globallyStored>false</globallyStored>
   <type>com.atlassian.bamboo.plugin.artifact.handler.local:ServerLocalArtifactHandler</type>
   <size>87308</size>
   <planResultKey>APP-TEST0-2</planResultKey>
  </artifact>
  <artifact>
   <id>851976</id>
   <label>Keep backend</label>
   <sharedArtifact>true</sharedArtifact>
   <globallyStored>false</globallyStored>
   <type>com.atlassian.bamboo.plugin.artifact.handler.local:ServerLocalArtifactHandler</type>
   <size>6648069</size>
   <planResultKey>APP-TEST0-2</planResultKey>
  </artifact>
  <artifact>
   <id>851977</id>
   <label>Keep app</label>
   <sharedArtifact>true</sharedArtifact>
   <globallyStored>false</globallyStored>
   <type>com.atlassian.bamboo.plugin.artifact.handler.local:ServerLocalArtifactHandler</type>
   <size>1920970</size>
   <planResultKey>APP-TEST0-2</planResultKey>
  </artifact>
  <artifact>
   <id>851978</id>
   <label>Keep ci_app</label>
   <sharedArtifact>true</sharedArtifact>
   <globallyStored>false</globallyStored>
   <type>com.atlassian.bamboo.plugin.artifact.handler.local:ServerLocalArtifactHandler</type>
   <size>87308</size>
   <planResultKey>APP-TEST-2</planResultKey>
  </artifact>
  <artifact>
   <id>851979</id>
   <label>Keep backend</label>
   <sharedArtifact>true</sharedArtifact>
   <globallyStored>false</globallyStored>
   <type>com.atlassian.bamboo.plugin.artifact.handler.local:ServerLocalArtifactHandler</type>
   <size>6646884</size>
   <planResultKey>APP-TEST-2</planResultKey>
  </artifact>
  <artifact>
   <id>851980</id>
   <label>Keep app</label>
   <sharedArtifact>true</sharedArtifact>
   <globallyStored>false</globallyStored>
   <type>com.atlassian.bamboo.plugin.artifact.handler.local:ServerLocalArtifactHandler</type>
   <size>1920970</size>
   <planResultKey>APP-TEST-2</planResultKey>
  </artifact>
  <artifact>
   <id>851981</id>
   <label>Keep ci_app</label>
   <sharedArtifact>true</sharedArtifact>
   <globallyStored>false</globallyStored>
   <type>com.atlassian.bamboo.plugin.artifact.handler.local:ServerLocalArtifactHandler</type>
   <size>87308</size>
   <planResultKey>APP-TEST1-1</planResultKey>
  </artifact>
  <artifact>
   <id>851982</id>
   <label>Keep backend</label>
   <sharedArtifact>true</sharedArtifact>
   <globallyStored>false</globallyStored>
   <type>com.atlassian.bamboo.plugin.artifact.handler.local:ServerLocalArtifactHandler</type>
   <size>6648956</size>
   <planResultKey>APP-TEST1-1</planResultKey>
  </artifact>
  <artifact>
   <id>851983</id>
   <label>Keep app</label>
   <sharedArtifact>true</sharedArtifact>
   <globallyStored>false</globallyStored>
   <type>com.atlassian.bamboo.plugin.artifact.handler.local:ServerLocalArtifactHandler</type>
   <size>1920970</size>
   <planResultKey>APP-TEST1-1</planResultKey>
  </artifact>
  <artifact>
   <id>851984</id>
   <label>Keep ci_app</label>
   <sharedArtifact>true</sharedArtifact>
   <globallyStored>false</globallyStored>
   <type>com.atlassian.bamboo.plugin.artifact.handler.local:ServerLocalArtifactHandler</type>
   <size>87308</size>
   <planResultKey>APP-TEST1-2</planResultKey>
  </artifact>
  <artifact>
   <id>851985</id>
   <label>Keep backend</label>
   <sharedArtifact>true</sharedArtifact>
   <globallyStored>false</globallyStored>
   <type>com.atlassian.bamboo.plugin.artifact.handler.local:ServerLocalArtifactHandler</type>
   <size>6648956</size>
   <planResultKey>APP-TEST1-2</planResultKey>
  </artifact>
  <artifact>
   <id>851986</id>
   <label>Keep app</label>
   <sharedArtifact>true</sharedArtifact>
   <globallyStored>false</globallyStored>
   <type>com.atlassian.bamboo.plugin.artifact.handler.local:ServerLocalArtifactHandler</type>
   <size>1920970</size>
   <planResultKey>APP-TEST1-2</planResultKey>
  </artifact>
  <artifact>
   <id>851987</id>
   <label>Keep ci_app</label>
   <sharedArtifact>true</sharedArtifact>
   <globallyStored>false</globallyStored>
   <type>com.atlassian.bamboo.plugin.artifact.handler.local:ServerLocalArtifactHandler</type>
   <size>87308</size>
   <planResultKey>APP-TEST-3</planResultKey>
  </artifact>
  <artifact>
   <id>851988</id>
   <label>Keep backend</label>
   <sharedArtifact>true</sharedArtifact>
   <globallyStored>false</globallyStored>
   <type>com.atlassian.bamboo.plugin.artifact.handler.local:ServerLocalArtifactHandler</type>
   <size>6648956</size>
   <planResultKey>APP-TEST-3</planResultKey>
  </artifact>
  <artifact>
   <id>851989</id>
   <label>Keep app</label>
   <sharedArtifact>true</sharedArtifact>
   <globallyStored>false</globallyStored>
   <type>com.atlassian.bamboo.plugin.artifact.handler.local:ServerLocalArtifactHandler</type>
   <size>1920970</size>
   <planResultKey>APP-TEST-3</planResultKey>
  </artifact>
  <artifact>
   <id>851990</id>
   <label>Keep ci_app</label>
   <sharedArtifact>true</sharedArtifact>
   <globallyStored>false</globallyStored>
   <type>com.atlassian.bamboo.plugin.artifact.handler.local:ServerLocalArtifactHandler</type>
   <size>87308</size>
   <planResultKey>APP-TEST2-1</planResultKey>
  </artifact>
  <artifact>
   <id>851991</id>
   <label>Keep backend</label>
   <sharedArtifact>true</sharedArtifact>
   <globallyStored>false</globallyStored>
   <type>com.atlassian.bamboo.plugin.artifact.handler.local:ServerLocalArtifactHandler</type>
   <size>6648956</size>
   <planResultKey>APP-TEST2-1</planResultKey>
  </artifact>
  <artifact>
   <id>851992</id>
   <label>Keep app</label>
   <sharedArtifact>true</sharedArtifact>
   <globallyStored>false</globallyStored>
   <type>com.atlassian.bamboo.plugin.artifact.handler.local:ServerLocalArtifactHandler</type>
   <size>1920970</size>
   <planResultKey>APP-TEST2-1</planResultKey>
  </artifact>
  <artifact>
   <id>851993</id>
   <label>Keep ci_app</label>
   <sharedArtifact>true</sharedArtifact>
   <globallyStored>false</globallyStored>
   <type>com.atlassian.bamboo.plugin.artifact.handler.local:ServerLocalArtifactHandler</type>
   <size>87308</size>
   <planResultKey>APP-TEST-4</planResultKey>
  </artifact>
  <artifact>
   <id>851994</id>
   <label>Keep backend</label>
   <sharedArtifact>true</sharedArtifact>
   <globallyStored>false</globallyStored>
   <type>com.atlassian.bamboo.plugin.artifact.handler.local:ServerLocalArtifactHandler</type>
   <size>6649401</size>
   <planResultKey>APP-TEST-4</planResultKey>
  </artifact>
  <artifact>
   <id>851995</id>
   <label>Keep app</label>
   <sharedArtifact>true</sharedArtifact>
   <globallyStored>false</globallyStored>
   <type>com.atlassian.bamboo.plugin.artifact.handler.local:ServerLocalArtifactHandler</type>
   <size>1920970</size>
   <planResultKey>APP-TEST-4</planResultKey>
  </artifact>
  <artifact>
   <id>851996</id>
   <label>Keep ci_app</label>
   <sharedArtifact>true</sharedArtifact>
   <globallyStored>false</globallyStored>
   <type>com.atlassian.bamboo.plugin.artifact.handler.local:ServerLocalArtifactHandler</type>
   <size>87308</size>
   <planResultKey>APP-TEST2-2</planResultKey>
  </artifact>
  <artifact>
   <id>851997</id>
   <label>Keep backend</label>
   <sharedArtifact>true</sharedArtifact>
   <globallyStored>false</globallyStored>
   <type>com.atlassian.bamboo.plugin.artifact.handler.local:ServerLocalArtifactHandler</type>
   <size>6649401</size>
   <planResultKey>APP-TEST2-2</planResultKey>
  </artifact>
  <artifact>
   <id>851998</id>
   <label>Keep app</label>
   <sharedArtifact>true</sharedArtifact>
   <globallyStored>false</globallyStored>
   <type>com.atlassian.bamboo.plugin.artifact.handler.local:ServerLocalArtifactHandler</type>
   <size>1920970</size>
   <planResultKey>APP-TEST2-2</planResultKey>
  </artifact>
  <artifact>
   <id>851999</id>
   <label>Keep ci_app</label>
   <sharedArtifact>true</sharedArtifact>
   <globallyStored>false</globallyStored>
   <type>com.atlassian.bamboo.plugin.artifact.handler.local:ServerLocalArtifactHandler</type>
   <size>88230</size>
   <planResultKey>APP-TEST-5</planResultKey>
  </artifact>
  <artifact>
   <id>852000</id>
   <label>Keep backend</label>
   <sharedArtifact>true</sharedArtifact>
   <globallyStored>false</globallyStored>
   <type>com.atlassian.bamboo.plugin.artifact.handler.local:ServerLocalArtifactHandler</type>
   <size>6649401</size>
   <planResultKey>APP-TEST-5</planResultKey>
  </artifact>
  <artifact>
   <id>852001</id>
   <label>Keep app</label>
   <sharedArtifact>true</sharedArtifact>
   <globallyStored>false</globallyStored>
   <type>com.atlassian.bamboo.plugin.artifact.handler.local:ServerLocalArtifactHandler</type>
   <size>1920970</size>
   <planResultKey>APP-TEST-5</planResultKey>
  </artifact>
  <artifact>
   <id>852002</id>
   <label>Keep ci_app</label>
   <sharedArtifact>true</sharedArtifact>
   <globallyStored>false</globallyStored>
   <type>com.atlassian.bamboo.plugin.artifact.handler.local:ServerLocalArtifactHandler</type>
   <size>88230</size>
   <planResultKey>APP-TEST2-3</planResultKey>
  </artifact>
  <artifact>
   <id>852003</id>
   <label>Keep backend</label>
   <sharedArtifact>true</sharedArtifact>
   <globallyStored>false</globallyStored>
   <type>com.atlassian.bamboo.plugin.artifact.handler.local:ServerLocalArtifactHandler</type>
   <size>6649401</size>
   <planResultKey>APP-TEST2-3</planResultKey>
  </artifact>
  <artifact>
   <id>852004</id>
   <label>Keep app</label>
   <sharedArtifact>true</sharedArtifact>
   <globallyStored>false</globallyStored>
   <type>com.atlassian.bamboo.plugin.artifact.handler.local:ServerLocalArtifactHandler</type>
   <size>1920970</size>
   <planResultKey>APP-TEST2-3</planResultKey>
  </artifact>
  <artifact>
   <id>852005</id>
   <label>Keep ci_app</label>
   <sharedArtifact>true</sharedArtifact>
   <globallyStored>false</globallyStored>
   <type>com.atlassian.bamboo.plugin.artifact.handler.local:ServerLocalArtifactHandler</type>
   <size>88230</size>
   <planResultKey>APP-TEST1-3</planResultKey>
  </artifact>
  <artifact>
   <id>852006</id>
   <label>Keep backend</label>
   <sharedArtifact>true</sharedArtifact>
   <globallyStored>false</globallyStored>
   <type>com.atlassian.bamboo.plugin.artifact.handler.local:ServerLocalArtifactHandler</type>
   <size>6649401</size>
   <planResultKey>APP-TEST1-3</planResultKey>
  </artifact>
  <artifact>
   <id>852007</id>
   <label>Keep app</label>
   <sharedArtifact>true</sharedArtifact>
   <globallyStored>false</globallyStored>
   <type>com.atlassian.bamboo.plugin.artifact.handler.local:ServerLocalArtifactHandler</type>
   <size>1920970</size>
   <planResultKey>APP-TEST1-3</planResultKey>
  </artifact>
  <artifact>
   <id>852008</id>
   <label>Keep ci_app</label>
   <sharedArtifact>true</sharedArtifact>
   <globallyStored>false</globallyStored>
   <type>com.atlassian.bamboo.plugin.artifact.handler.local:ServerLocalArtifactHandler</type>
   <size>91020</size>
   <planResultKey>APP-TEST-6</planResultKey>
  </artifact>
  <artifact>
   <id>852009</id>
   <label>Keep backend</label>
   <sharedArtifact>true</sharedArtifact>
   <globallyStored>false</globallyStored>
   <type>com.atlassian.bamboo.plugin.artifact.handler.local:ServerLocalArtifactHandler</type>
   <size>6649401</size>
   <planResultKey>APP-TEST-6</planResultKey>
  </artifact>
  <artifact>
   <id>852010</id>
   <label>Keep app</label>
   <sharedArtifact>true</sharedArtifact>
   <globallyStored>false</globallyStored>
   <type>com.atlassian.bamboo.plugin.artifact.handler.local:ServerLocalArtifactHandler</type>
   <size>1921026</size>
   <planResultKey>APP-TEST-6</planResultKey>
  </artifact>
  <artifact>
   <id>852011</id>
   <label>Keep ci_app</label>
   <sharedArtifact>true</sharedArtifact>
   <globallyStored>false</globallyStored>
   <type>com.atlassian.bamboo.plugin.artifact.handler.local:ServerLocalArtifactHandler</type>
   <size>91020</size>
   <planResultKey>APP-TEST2-4</planResultKey>
  </artifact>
  <artifact>
   <id>852012</id>
   <label>Keep backend</label>
   <sharedArtifact>true</sharedArtifact>
   <globallyStored>false</globallyStored>
   <type>com.atlassian.bamboo.plugin.artifact.handler.local:ServerLocalArtifactHandler</type>
   <size>6649401</size>
   <planResultKey>APP-TEST2-4</planResultKey>
  </artifact>
  <artifact>
   <id>852013</id>
   <label>Keep app</label>
   <sharedArtifact>true</sharedArtifact>
   <globallyStored>false</globallyStored>
   <type>com.atlassian.bamboo.plugin.artifact.handler.local:ServerLocalArtifactHandler</type>
   <size>1921026</size>
   <planResultKey>APP-TEST2-4</planResultKey>
  </artifact>
  <artifact>
   <id>852014</id>
   <label>Keep ci_app</label>
   <sharedArtifact>true</sharedArtifact>
   <globallyStored>false</globallyStored>
   <type>com.atlassian.bamboo.plugin.artifact.handler.local:ServerLocalArtifactHandler</type>
   <size>91020</size>
   <planResultKey>APP-TEST1-4</planResultKey>
  </artifact>
  <artifact>
   <id>852015</id>
   <label>Keep backend</label>
   <sharedArtifact>true</sharedArtifact>
   <globallyStored>false</globallyStored>
   <type>com.atlassian.bamboo.plugin.artifact.handler.local:ServerLocalArtifactHandler</type>
   <size>6649401</size>
   <planResultKey>APP-TEST1-4</planResultKey>
  </artifact>
  <artifact>
   <id>852016</id>
   <label>Keep app</label>
   <sharedArtifact>true</sharedArtifact>
   <globallyStored>false</globallyStored>
   <type>com.atlassian.bamboo.plugin.artifact.handler.local:ServerLocalArtifactHandler</type>
   <size>1921026</size>
   <planResultKey>APP-TEST1-4</planResultKey>
  </artifact>
  <artifact>
   <id>852017</id>
   <label>Keep ci_app</label>
   <sharedArtifact>true</sharedArtifact>
   <globallyStored>false</globallyStored>
   <type>com.atlassian.bamboo.plugin.artifact.handler.local:ServerLocalArtifactHandler</type>
   <size>91020</size>
   <planResultKey>APP-TEST1-5</planResultKey>
  </artifact>
  <artifact>
   <id>852018</id>
   <label>Keep backend</label>
   <sharedArtifact>true</sharedArtifact>
   <globallyStored>false</globallyStored>
   <type>com.atlassian.bamboo.plugin.artifact.handler.local:ServerLocalArtifactHandler</type>
   <size>6649401</size>
   <planResultKey>APP-TEST1-5</planResultKey>
  </artifact>
  <artifact>
   <id>852019</id>
   <label>Keep app</label>
   <sharedArtifact>true</sharedArtifact>
   <globallyStored>false</globallyStored>
   <type>com.atlassian.bamboo.plugin.artifact.handler.local:ServerLocalArtifactHandler</type>
   <size>1921162</size>
   <planResultKey>APP-TEST1-5</planResultKey>
  </artifact>
  <artifact>
   <id>852020</id>
   <label>Keep ci_app</label>
   <sharedArtifact>true</sharedArtifact>
   <globallyStored>false</globallyStored>
   <type>com.atlassian.bamboo.plugin.artifact.handler.local:ServerLocalArtifactHandler</type>
   <size>91020</size>
   <planResultKey>APP-TEST2-5</planResultKey>
  </artifact>
  <artifact>
   <id>852021</id>
   <label>Keep backend</label>
   <sharedArtifact>true</sharedArtifact>
   <globallyStored>false</globallyStored>
   <type>com.atlassian.bamboo.plugin.artifact.handler.local:ServerLocalArtifactHandler</type>
   <size>6649401</size>
   <planResultKey>APP-TEST2-5</planResultKey>
  </artifact>
  <artifact>
   <id>852022</id>
   <label>Keep app</label>
   <sharedArtifact>true</sharedArtifact>
   <globallyStored>false</globallyStored>
   <type>com.atlassian.bamboo.plugin.artifact.handler.local:ServerLocalArtifactHandler</type>
   <size>1921162</size>
   <planResultKey>APP-TEST2-5</planResultKey>
  </artifact>
  <artifact>
   <id>852023</id>
   <label>Keep ci_app</label>
   <sharedArtifact>true</sharedArtifact>
   <globallyStored>false</globallyStored>
   <type>com.atlassian.bamboo.plugin.artifact.handler.local:ServerLocalArtifactHandler</type>
   <size>91020</size>
   <planResultKey>APP-TEST-7</planResultKey>
  </artifact>
  <artifact>
   <id>852024</id>
   <label>Keep backend</label>
   <sharedArtifact>true</sharedArtifact>
   <globallyStored>false</globallyStored>
   <type>com.atlassian.bamboo.plugin.artifact.handler.local:ServerLocalArtifactHandler</type>
   <size>6649401</size>
   <planResultKey>APP-TEST-7</planResultKey>
  </artifact>
  <artifact>
   <id>852025</id>
   <label>Keep app</label>
   <sharedArtifact>true</sharedArtifact>
   <globallyStored>false</globallyStored>
   <type>com.atlassian.bamboo.plugin.artifact.handler.local:ServerLocalArtifactHandler</type>
   <size>1921162</size>
   <planResultKey>APP-TEST-7</planResultKey>
  </artifact>
  <artifact>
   <id>852026</id>
   <label>Keep ci_app</label>
   <sharedArtifact>true</sharedArtifact>
   <globallyStored>false</globallyStored>
   <type>com.atlassian.bamboo.plugin.artifact.handler.local:ServerLocalArtifactHandler</type>
   <size>91020</size>
   <planResultKey>APP-TEST2-6</planResultKey>
  </artifact>
  <artifact>
   <id>852027</id>
   <label>Keep backend</label>
   <sharedArtifact>true</sharedArtifact>
   <globallyStored>false</globallyStored>
   <type>com.atlassian.bamboo.plugin.artifact.handler.local:ServerLocalArtifactHandler</type>
   <size>6649656</size>
   <planResultKey>APP-TEST2-6</planResultKey>
  </artifact>
  <artifact>
   <id>852028</id>
   <label>Keep app</label>
   <sharedArtifact>true</sharedArtifact>
   <globallyStored>false</globallyStored>
   <type>com.atlassian.bamboo.plugin.artifact.handler.local:ServerLocalArtifactHandler</type>
   <size>1921162</size>
   <planResultKey>APP-TEST2-6</planResultKey>
  </artifact>
  <artifact>
   <id>852029</id>
   <label>Keep ci_app</label>
   <sharedArtifact>true</sharedArtifact>
   <globallyStored>false</globallyStored>
   <type>com.atlassian.bamboo.plugin.artifact.handler.local:ServerLocalArtifactHandler</type>
   <size>91106</size>
   <planResultKey>APP-TEST-8</planResultKey>
  </artifact>
  <artifact>
   <id>852030</id>
   <label>Keep backend</label>
   <sharedArtifact>true</sharedArtifact>
   <globallyStored>false</globallyStored>
   <type>com.atlassian.bamboo.plugin.artifact.handler.local:ServerLocalArtifactHandler</type>
   <size>6649401</size>
   <planResultKey>APP-TEST-8</planResultKey>
  </artifact>
  <artifact>
   <id>852031</id>
   <label>Keep app</label>
   <sharedArtifact>true</sharedArtifact>
   <globallyStored>false</globallyStored>
   <type>com.atlassian.bamboo.plugin.artifact.handler.local:ServerLocalArtifactHandler</type>
   <size>1921162</size>
   <planResultKey>APP-TEST-8</planResultKey>
  </artifact>
  <artifact>
   <id>852032</id>
   <label>Keep ci_app</label>
   <sharedArtifact>true</sharedArtifact>
   <globallyStored>false</globallyStored>
   <type>com.atlassian.bamboo.plugin.artifact.handler.local:ServerLocalArtifactHandler</type>
   <size>91106</size>
   <planResultKey>APP-TEST1-6</planResultKey>
  </artifact>
  <artifact>
   <id>852033</id>
   <label>Keep backend</label>
   <sharedArtifact>true</sharedArtifact>
   <globallyStored>false</globallyStored>
   <type>com.atlassian.bamboo.plugin.artifact.handler.local:ServerLocalArtifactHandler</type>
   <size>6649401</size>
   <planResultKey>APP-TEST1-6</planResultKey>
  </artifact>
  <artifact>
   <id>852034</id>
   <label>Keep app</label>
   <sharedArtifact>true</sharedArtifact>
   <globallyStored>false</globallyStored>
   <type>com.atlassian.bamboo.plugin.artifact.handler.local:ServerLocalArtifactHandler</type>
   <size>1921162</size>
   <planResultKey>APP-TEST1-6</planResultKey>
  </artifact>
  <artifact>
   <id>852035</id>
   <label>Keep ci_app</label>
   <sharedArtifact>true</sharedArtifact>
   <globallyStored>false</globallyStored>
   <type>com.atlassian.bamboo.plugin.artifact.handler.local:ServerLocalArtifactHandler</type>
   <size>91106</size>
   <planResultKey>APP-TEST2-7</planResultKey>
  </artifact>
  <artifact>
   <id>852036</id>
   <label>Keep backend</label>
   <sharedArtifact>true</sharedArtifact>
   <globallyStored>false</globallyStored>
   <type>com.atlassian.bamboo.plugin.artifact.handler.local:ServerLocalArtifactHandler</type>
   <size>6649656</size>
   <planResultKey>APP-TEST2-7</planResultKey>
  </artifact>
  <artifact>
   <id>852037</id>
   <label>Keep app</label>
   <sharedArtifact>true</sharedArtifact>
   <globallyStored>false</globallyStored>
   <type>com.atlassian.bamboo.plugin.artifact.handler.local:ServerLocalArtifactHandler</type>
   <size>1921162</size>
   <planResultKey>APP-TEST2-7</planResultKey>
  </artifact>
  <artifact>
   <id>852038</id>
   <label>Keep ci_app</label>
   <sharedArtifact>true</sharedArtifact>
   <globallyStored>false</globallyStored>
   <type>com.atlassian.bamboo.plugin.artifact.handler.local:ServerLocalArtifactHandler</type>
   <size>91106</size>
   <planResultKey>APP-TEST0-8</planResultKey>
  </artifact>
  <artifact>
   <id>852039</id>
   <label>Keep backend</label>
   <sharedArtifact>true</sharedArtifact>
   <globallyStored>false</globallyStored>
   <type>com.atlassian.bamboo.plugin.artifact.handler.local:ServerLocalArtifactHandler</type>
   <size>6650506</size>
   <planResultKey>APP-TEST0-8</planResultKey>
  </artifact>
  <artifact>
   <id>852040</id>
   <label>Keep app</label>
   <sharedArtifact>true</sharedArtifact>
   <globallyStored>false</globallyStored>
   <type>com.atlassian.bamboo.plugin.artifact.handler.local:ServerLocalArtifactHandler</type>
   <size>1921162</size>
   <planResultKey>APP-TEST0-8</planResultKey>
  </artifact>
  <artifact>
   <id>852041</id>
   <label>Keep ci_app</label>
   <sharedArtifact>true</sharedArtifact>
   <globallyStored>false</globallyStored>
   <type>com.atlassian.bamboo.plugin.artifact.handler.local:ServerLocalArtifactHandler</type>
   <size>91106</size>
   <planResultKey>APP-TEST-9</planResultKey>
  </artifact>
  <artifact>
   <id>852042</id>
   <label>Keep backend</label>
   <sharedArtifact>true</sharedArtifact>
   <globallyStored>false</globallyStored>
   <type>com.atlassian.bamboo.plugin.artifact.handler.local:ServerLocalArtifactHandler</type>
   <size>6649401</size>
   <planResultKey>APP-TEST-9</planResultKey>
  </artifact>
  <artifact>
   <id>852043</id>
   <label>Keep app</label>
   <sharedArtifact>true</sharedArtifact>
   <globallyStored>false</globallyStored>
   <type>com.atlassian.bamboo.plugin.artifact.handler.local:ServerLocalArtifactHandler</type>
   <size>1921812</size>
   <planResultKey>APP-TEST-9</planResultKey>
  </artifact>
  <artifact>
   <id>852044</id>
   <label>Keep ci_app</label>
   <sharedArtifact>true</sharedArtifact>
   <globallyStored>false</globallyStored>
   <type>com.atlassian.bamboo.plugin.artifact.handler.local:ServerLocalArtifactHandler</type>
   <size>91106</size>
   <planResultKey>APP-TEST1-7</planResultKey>
  </artifact>
  <artifact>
   <id>852045</id>
   <label>Keep backend</label>
   <sharedArtifact>true</sharedArtifact>
   <globallyStored>false</globallyStored>
   <type>com.atlassian.bamboo.plugin.artifact.handler.local:ServerLocalArtifactHandler</type>
   <size>6649401</size>
   <planResultKey>APP-TEST1-7</planResultKey>
  </artifact>
  <artifact>
   <id>852046</id>
   <label>Keep app</label>
   <sharedArtifact>true</sharedArtifact>
   <globallyStored>false</globallyStored>
   <type>com.atlassian.bamboo.plugin.artifact.handler.local:ServerLocalArtifactHandler</type>
   <size>1921812</size>
   <planResultKey>APP-TEST1-7</planResultKey>
  </artifact>
  <artifact>
   <id>852047</id>
   <label>Keep ci_app</label>
   <sharedArtifact>true</sharedArtifact>
   <globallyStored>false</globallyStored>
   <type>com.atlassian.bamboo.plugin.artifact.handler.local:ServerLocalArtifactHandler</type>
   <size>91106</size>
   <planResultKey>APP-TEST2-8</planResultKey>
  </artifact>
  <artifact>
   <id>852048</id>
   <label>Keep backend</label>
   <sharedArtifact>true</sharedArtifact>
   <globallyStored>false</globallyStored>
   <type>com.atlassian.bamboo.plugin.artifact.handler.local:ServerLocalArtifactHandler</type>
   <size>6649656</size>
   <planResultKey>APP-TEST2-8</planResultKey>
  </artifact>
  <artifact>
   <id>852049</id>
   <label>Keep app</label>
   <sharedArtifact>true</sharedArtifact>
   <globallyStored>false</globallyStored>
   <type>com.atlassian.bamboo.plugin.artifact.handler.local:ServerLocalArtifactHandler</type>
   <size>1921812</size>
   <planResultKey>APP-TEST2-8</planResultKey>
  </artifact>
  <artifact>
   <id>852050</id>
   <label>Keep ci_app</label>
   <sharedArtifact>true</sharedArtifact>
   <globallyStored>false</globallyStored>
   <type>com.atlassian.bamboo.plugin.artifact.handler.local:ServerLocalArtifactHandler</type>
   <size>91106</size>
   <planResultKey>APP-TEST0-9</planResultKey>
  </artifact>
  <artifact>
   <id>852051</id>
   <label>Keep backend</label>
   <sharedArtifact>true</sharedArtifact>
   <globallyStored>false</globallyStored>
   <type>com.atlassian.bamboo.plugin.artifact.handler.local:ServerLocalArtifactHandler</type>
   <size>6650506</size>
   <planResultKey>APP-TEST0-9</planResultKey>
  </artifact>
  <artifact>
   <id>852052</id>
   <label>Keep app</label>
   <sharedArtifact>true</sharedArtifact>
   <globallyStored>false</globallyStored>
   <type>com.atlassian.bamboo.plugin.artifact.handler.local:ServerLocalArtifactHandler</type>
   <size>1921812</size>
   <planResultKey>APP-TEST0-9</planResultKey>
  </artifact>
  <artifact>
   <id>852053</id>
   <label>Keep ci_app</label>
   <sharedArtifact>true</sharedArtifact>
   <globallyStored>false</globallyStored>
   <type>com.atlassian.bamboo.plugin.artifact.handler.local:ServerLocalArtifactHandler</type>
   <size>91106</size>
   <planResultKey>APP-TEST2-9</planResultKey>
  </artifact>
  <artifact>
   <id>852054</id>
   <label>Keep backend</label>
   <sharedArtifact>true</sharedArtifact>
   <globallyStored>false</globallyStored>
   <type>com.atlassian.bamboo.plugin.artifact.handler.local:ServerLocalArtifactHandler</type>
   <size>6650273</size>
   <planResultKey>APP-TEST2-9</planResultKey>
  </artifact>
  <artifact>
   <id>852055</id>
   <label>Keep app</label>
   <sharedArtifact>true</sharedArtifact>
   <globallyStored>false</globallyStored>
   <type>com.atlassian.bamboo.plugin.artifact.handler.local:ServerLocalArtifactHandler</type>
   <size>1921812</size>
   <planResultKey>APP-TEST2-9</planResultKey>
  </artifact>
  <artifact>
   <id>852056</id>
   <label>Keep ci_app</label>
   <sharedArtifact>true</sharedArtifact>
   <globallyStored>false</globallyStored>
   <type>com.atlassian.bamboo.plugin.artifact.handler.local:ServerLocalArtifactHandler</type>
   <size>91106</size>
   <planResultKey>APP-TEST0-10</planResultKey>
  </artifact>
  <artifact>
   <id>852057</id>
   <label>Keep backend</label>
   <sharedArtifact>true</sharedArtifact>
   <globallyStored>false</globallyStored>
   <type>com.atlassian.bamboo.plugin.artifact.handler.local:ServerLocalArtifactHandler</type>
   <size>6650541</size>
   <planResultKey>APP-TEST0-10</planResultKey>
  </artifact>
  <artifact>
   <id>852058</id>
   <label>Keep app</label>
   <sharedArtifact>true</sharedArtifact>
   <globallyStored>false</globallyStored>
   <type>com.atlassian.bamboo.plugin.artifact.handler.local:ServerLocalArtifactHandler</type>
   <size>1921812</size>
   <planResultKey>APP-TEST0-10</planResultKey>
  </artifact>
  <artifact>
   <id>852059</id>
   <label>Keep ci_app</label>
   <sharedArtifact>true</sharedArtifact>
   <globallyStored>false</globallyStored>
   <type>com.atlassian.bamboo.plugin.artifact.handler.local:ServerLocalArtifactHandler</type>
   <size>91106</size>
   <planResultKey>APP-TEST0-11</planResultKey>
  </artifact>
  <artifact>
   <id>852060</id>
   <label>Keep backend</label>
   <sharedArtifact>true</sharedArtifact>
   <globallyStored>false</globallyStored>
   <type>com.atlassian.bamboo.plugin.artifact.handler.local:ServerLocalArtifactHandler</type>
   <size>6650541</size>
   <planResultKey>APP-TEST0-11</planResultKey>
  </artifact>
  <artifact>
   <id>852061</id>
   <label>Keep app</label>
   <sharedArtifact>true</sharedArtifact>
   <globallyStored>false</globallyStored>
   <type>com.atlassian.bamboo.plugin.artifact.handler.local:ServerLocalArtifactHandler</type>
   <size>1923355</size>
   <planResultKey>APP-TEST0-11</planResultKey>
  </artifact>
  <artifact>
   <id>852062</id>
   <label>Keep ci_app</label>
   <sharedArtifact>true</sharedArtifact>
   <globallyStored>false</globallyStored>
   <type>com.atlassian.bamboo.plugin.artifact.handler.local:ServerLocalArtifactHandler</type>
   <size>91106</size>
   <planResultKey>APP-TEST-10</planResultKey>
  </artifact>
  <artifact>
   <id>852063</id>
   <label>Keep backend</label>
   <sharedArtifact>true</sharedArtifact>
   <globallyStored>false</globallyStored>
   <type>com.atlassian.bamboo.plugin.artifact.handler.local:ServerLocalArtifactHandler</type>
   <size>6649401</size>
   <planResultKey>APP-TEST-10</planResultKey>
  </artifact>
  <artifact>
   <id>852064</id>
   <label>Keep app</label>
   <sharedArtifact>true</sharedArtifact>
   <globallyStored>false</globallyStored>
   <type>com.atlassian.bamboo.plugin.artifact.handler.local:ServerLocalArtifactHandler</type>
   <size>1923355</size>
   <planResultKey>APP-TEST-10</planResultKey>
  </artifact>
  <artifact>
   <id>852065</id>
   <label>Keep ci_app</label>
   <sharedArtifact>true</sharedArtifact>
   <globallyStored>false</globallyStored>
   <type>com.atlassian.bamboo.plugin.artifact.handler.local:ServerLocalArtifactHandler</type>
   <size>91106</size>
   <planResultKey>APP-TEST1-8</planResultKey>
  </artifact>
  <artifact>
   <id>852066</id>
   <label>Keep backend</label>
   <sharedArtifact>true</sharedArtifact>
   <globallyStored>false</globallyStored>
   <type>com.atlassian.bamboo.plugin.artifact.handler.local:ServerLocalArtifactHandler</type>
   <size>6649401</size>
   <planResultKey>APP-TEST1-8</planResultKey>
  </artifact>
  <artifact>
   <id>852067</id>
   <label>Keep app</label>
   <sharedArtifact>true</sharedArtifact>
   <globallyStored>false</globallyStored>
   <type>com.atlassian.bamboo.plugin.artifact.handler.local:ServerLocalArtifactHandler</type>
   <size>1923355</size>
   <planResultKey>APP-TEST1-8</planResultKey>
  </artifact>
  <artifact>
   <id>852068</id>
   <label>Keep ci_app</label>
   <sharedArtifact>true</sharedArtifact>
   <globallyStored>false</globallyStored>
   <type>com.atlassian.bamboo.plugin.artifact.handler.local:ServerLocalArtifactHandler</type>
   <size>91106</size>
   <planResultKey>APP-TEST2-10</planResultKey>
  </artifact>
  <artifact>
   <id>852069</id>
   <label>Keep backend</label>
   <sharedArtifact>true</sharedArtifact>
   <globallyStored>false</globallyStored>
   <type>com.atlassian.bamboo.plugin.artifact.handler.local:ServerLocalArtifactHandler</type>
   <size>6650273</size>
   <planResultKey>APP-TEST2-10</planResultKey>
  </artifact>
  <artifact>
   <id>852070</id>
   <label>Keep app</label>
   <sharedArtifact>true</sharedArtifact>
   <globallyStored>false</globallyStored>
   <type>com.atlassian.bamboo.plugin.artifact.handler.local:ServerLocalArtifactHandler</type>
   <size>1923355</size>
   <planResultKey>APP-TEST2-10</planResultKey>
  </artifact>
  <artifact>
   <id>852071</id>
   <label>Keep ci_app</label>
   <sharedArtifact>true</sharedArtifact>
   <globallyStored>false</globallyStored>
   <type>com.atlassian.bamboo.plugin.artifact.handler.local:ServerLocalArtifactHandler</type>
   <size>91102</size>
   <planResultKey>APP-TEST0-12</planResultKey>
  </artifact>
  <artifact>
   <id>852072</id>
   <label>Keep backend</label>
   <sharedArtifact>true</sharedArtifact>
   <globallyStored>false</globallyStored>
   <type>com.atlassian.bamboo.plugin.artifact.handler.local:ServerLocalArtifactHandler</type>
   <size>6650541</size>
   <planResultKey>APP-TEST0-12</planResultKey>
  </artifact>
  <artifact>
   <id>852073</id>
   <label>Keep app</label>
   <sharedArtifact>true</sharedArtifact>
   <globallyStored>false</globallyStored>
   <type>com.atlassian.bamboo.plugin.artifact.handler.local:ServerLocalArtifactHandler</type>
   <size>1923355</size>
   <planResultKey>APP-TEST0-12</planResultKey>
  </artifact>
  <artifact>
   <id>852074</id>
   <label>Keep ci_app</label>
   <sharedArtifact>true</sharedArtifact>
   <globallyStored>false</globallyStored>
   <type>com.atlassian.bamboo.plugin.artifact.handler.local:ServerLocalArtifactHandler</type>
   <size>91102</size>
   <planResultKey>APP-TEST-11</planResultKey>
  </artifact>
  <artifact>
   <id>852075</id>
   <label>Keep backend</label>
   <sharedArtifact>true</sharedArtifact>
   <globallyStored>false</globallyStored>
   <type>com.atlassian.bamboo.plugin.artifact.handler.local:ServerLocalArtifactHandler</type>
   <size>6649401</size>
   <planResultKey>APP-TEST-11</planResultKey>
  </artifact>
  <artifact>
   <id>852076</id>
   <label>Keep app</label>
   <sharedArtifact>true</sharedArtifact>
   <globallyStored>false</globallyStored>
   <type>com.atlassian.bamboo.plugin.artifact.handler.local:ServerLocalArtifactHandler</type>
   <size>1923355</size>
   <planResultKey>APP-TEST-11</planResultKey>
  </artifact>
  <artifact>
   <id>852077</id>
   <label>Keep ci_app</label>
   <sharedArtifact>true</sharedArtifact>
   <globallyStored>false</globallyStored>
   <type>com.atlassian.bamboo.plugin.artifact.handler.local:ServerLocalArtifactHandler</type>
   <size>91102</size>
   <planResultKey>APP-TEST2-11</planResultKey>
  </artifact>
  <artifact>
   <id>852078</id>
   <label>Keep backend</label>
   <sharedArtifact>true</sharedArtifact>
   <globallyStored>false</globallyStored>
   <type>com.atlassian.bamboo.plugin.artifact.handler.local:ServerLocalArtifactHandler</type>
   <size>6650273</size>
   <planResultKey>APP-TEST2-11</planResultKey>
  </artifact>
  <artifact>
   <id>852079</id>
   <label>Keep app</label>
   <sharedArtifact>true</sharedArtifact>
   <globallyStored>false</globallyStored>
   <type>com.atlassian.bamboo.plugin.artifact.handler.local:ServerLocalArtifactHandler</type>
   <size>1923355</size>
   <planResultKey>APP-TEST2-11</planResultKey>
  </artifact>
  <artifact>
   <id>852080</id>
   <label>Keep ci_app</label>
   <sharedArtifact>true</sharedArtifact>
   <globallyStored>false</globallyStored>
   <type>com.atlassian.bamboo.plugin.artifact.handler.local:ServerLocalArtifactHandler</type>
   <size>91102</size>
   <planResultKey>APP-TEST1-9</planResultKey>
  </artifact>
  <artifact>
   <id>852081</id>
   <label>Keep backend</label>
   <sharedArtifact>true</sharedArtifact>
   <globallyStored>false</globallyStored>
   <type>com.atlassian.bamboo.plugin.artifact.handler.local:ServerLocalArtifactHandler</type>
   <size>6649401</size>
   <planResultKey>APP-TEST1-9</planResultKey>
  </artifact>
  <artifact>
   <id>852082</id>
   <label>Keep app</label>
   <sharedArtifact>true</sharedArtifact>
   <globallyStored>false</globallyStored>
   <type>com.atlassian.bamboo.plugin.artifact.handler.local:ServerLocalArtifactHandler</type>
   <size>1923355</size>
   <planResultKey>APP-TEST1-9</planResultKey>
  </artifact>
  <artifact>
   <id>852083</id>
   <label>Keep ci_app</label>
   <sharedArtifact>true</sharedArtifact>
   <globallyStored>false</globallyStored>
   <type>com.atlassian.bamboo.plugin.artifact.handler.local:ServerLocalArtifactHandler</type>
   <size>91102</size>
   <planResultKey>APP-TEST2-12</planResultKey>
  </artifact>
  <artifact>
   <id>852084</id>
   <label>Keep backend</label>
   <sharedArtifact>true</sharedArtifact>
   <globallyStored>false</globallyStored>
   <type>com.atlassian.bamboo.plugin.artifact.handler.local:ServerLocalArtifactHandler</type>
   <size>6650391</size>
   <planResultKey>APP-TEST2-12</planResultKey>
  </artifact>
  <artifact>
   <id>852085</id>
   <label>Keep app</label>
   <sharedArtifact>true</sharedArtifact>
   <globallyStored>false</globallyStored>
   <type>com.atlassian.bamboo.plugin.artifact.handler.local:ServerLocalArtifactHandler</type>
   <size>1923355</size>
   <planResultKey>APP-TEST2-12</planResultKey>
  </artifact>
  <artifact>
   <id>852086</id>
   <label>Keep ci_app</label>
   <sharedArtifact>true</sharedArtifact>
   <globallyStored>false</globallyStored>
   <type>com.atlassian.bamboo.plugin.artifact.handler.local:ServerLocalArtifactHandler</type>
   <size>92063</size>
   <planResultKey>APP-TEST0-13</planResultKey>
  </artifact>
  <artifact>
   <id>852087</id>
   <label>Keep backend</label>
   <sharedArtifact>true</sharedArtifact>
   <globallyStored>false</globallyStored>
   <type>com.atlassian.bamboo.plugin.artifact.handler.local:ServerLocalArtifactHandler</type>
   <size>6650541</size>
   <planResultKey>APP-TEST0-13</planResultKey>
  </artifact>
  <artifact>
   <id>852088</id>
   <label>Keep app</label>
   <sharedArtifact>true</sharedArtifact>
   <globallyStored>false</globallyStored>
   <type>com.atlassian.bamboo.plugin.artifact.handler.local:ServerLocalArtifactHandler</type>
   <size>1923355</size>
   <planResultKey>APP-TEST0-13</planResultKey>
  </artifact>
  <artifact>
   <id>852089</id>
   <label>Keep ci_app</label>
   <sharedArtifact>true</sharedArtifact>
   <globallyStored>false</globallyStored>
   <type>com.atlassian.bamboo.plugin.artifact.handler.local:ServerLocalArtifactHandler</type>
   <size>92063</size>
   <planResultKey>APP-TEST-12</planResultKey>
  </artifact>
  <artifact>
   <id>852090</id>
   <label>Keep backend</label>
   <sharedArtifact>true</sharedArtifact>
   <globallyStored>false</globallyStored>
   <type>com.atlassian.bamboo.plugin.artifact.handler.local:ServerLocalArtifactHandler</type>
   <size>6649401</size>
   <planResultKey>APP-TEST-12</planResultKey>
  </artifact>
  <artifact>
   <id>852091</id>
   <label>Keep app</label>
   <sharedArtifact>true</sharedArtifact>
   <globallyStored>false</globallyStored>
   <type>com.atlassian.bamboo.plugin.artifact.handler.local:ServerLocalArtifactHandler</type>
   <size>1923355</size>
   <planResultKey>APP-TEST-12</planResultKey>
  </artifact>
  <artifact>
   <id>852092</id>
   <label>Keep ci_app</label>
   <sharedArtifact>true</sharedArtifact>
   <globallyStored>false</globallyStored>
   <type>com.atlassian.bamboo.plugin.artifact.handler.local:ServerLocalArtifactHandler</type>
   <size>92063</size>
   <planResultKey>APP-TEST2-13</planResultKey>
  </artifact>
  <artifact>
   <id>852093</id>
   <label>Keep backend</label>
   <sharedArtifact>true</sharedArtifact>
   <globallyStored>false</globallyStored>
   <type>com.atlassian.bamboo.plugin.artifact.handler.local:ServerLocalArtifactHandler</type>
   <size>6650391</size>
   <planResultKey>APP-TEST2-13</planResultKey>
  </artifact>
  <artifact>
   <id>852094</id>
   <label>Keep app</label>
   <sharedArtifact>true</sharedArtifact>
   <globallyStored>false</globallyStored>
   <type>com.atlassian.bamboo.plugin.artifact.handler.local:ServerLocalArtifactHandler</type>
   <size>1923355</size>
   <planResultKey>APP-TEST2-13</planResultKey>
  </artifact>
  <artifact>
   <id>852095</id>
   <label>Keep ci_app</label>
   <sharedArtifact>true</sharedArtifact>
   <globallyStored>false</globallyStored>
   <type>com.atlassian.bamboo.plugin.artifact.handler.local:ServerLocalArtifactHandler</type>
   <size>92063</size>
   <planResultKey>APP-TEST1-10</planResultKey>
  </artifact>
  <artifact>
   <id>852096</id>
   <label>Keep backend</label>
   <sharedArtifact>true</sharedArtifact>
   <globallyStored>false</globallyStored>
   <type>com.atlassian.bamboo.plugin.artifact.handler.local:ServerLocalArtifactHandler</type>
   <size>6649401</size>
   <planResultKey>APP-TEST1-10</planResultKey>
  </artifact>
  <artifact>
   <id>852097</id>
   <label>Keep app</label>
   <sharedArtifact>true</sharedArtifact>
   <globallyStored>false</globallyStored>
   <type>com.atlassian.bamboo.plugin.artifact.handler.local:ServerLocalArtifactHandler</type>
   <size>1923355</size>
   <planResultKey>APP-TEST1-10</planResultKey>
  </artifact>
  <artifact>
   <id>852098</id>
   <label>Keep ci_app</label>
   <sharedArtifact>true</sharedArtifact>
   <globallyStored>false</globallyStored>
   <type>com.atlassian.bamboo.plugin.artifact.handler.local:ServerLocalArtifactHandler</type>
   <size>92372</size>
   <planResultKey>APP-TEST0-14</planResultKey>
  </artifact>
  <artifact>
   <id>852099</id>
   <label>Keep backend</label>
   <sharedArtifact>true</sharedArtifact>
   <globallyStored>false</globallyStored>
   <type>com.atlassian.bamboo.plugin.artifact.handler.local:ServerLocalArtifactHandler</type>
   <size>6650541</size>
   <planResultKey>APP-TEST0-14</planResultKey>
  </artifact>
  <artifact>
   <id>852100</id>
   <label>Keep app</label>
   <sharedArtifact>true</sharedArtifact>
   <globallyStored>false</globallyStored>
   <type>com.atlassian.bamboo.plugin.artifact.handler.local:ServerLocalArtifactHandler</type>
   <size>1923355</size>
   <planResultKey>APP-TEST0-14</planResultKey>
  </artifact>
  <artifact>
   <id>852101</id>
   <label>Keep ci_app</label>
   <sharedArtifact>true</sharedArtifact>
   <globallyStored>false</globallyStored>
   <type>com.atlassian.bamboo.plugin.artifact.handler.local:ServerLocalArtifactHandler</type>
   <size>92372</size>
   <planResultKey>APP-TEST-13</planResultKey>
  </artifact>
  <artifact>
   <id>852102</id>
   <label>Keep backend</label>
   <sharedArtifact>true</sharedArtifact>
   <globallyStored>false</globallyStored>
   <type>com.atlassian.bamboo.plugin.artifact.handler.local:ServerLocalArtifactHandler</type>
   <size>6649401</size>
   <planResultKey>APP-TEST-13</planResultKey>
  </artifact>
  <artifact>
   <id>852103</id>
   <label>Keep app</label>
   <sharedArtifact>true</sharedArtifact>
   <globallyStored>false</globallyStored>
   <type>com.atlassian.bamboo.plugin.artifact.handler.local:ServerLocalArtifactHandler</type>
   <size>1923355</size>
   <planResultKey>APP-TEST-13</planResultKey>
  </artifact>
  <artifact>
   <id>852104</id>
   <label>Keep ci_app</label>
   <sharedArtifact>true</sharedArtifact>
   <globallyStored>false</globallyStored>
   <type>com.atlassian.bamboo.plugin.artifact.handler.local:ServerLocalArtifactHandler</type>
   <size>92372</size>
   <planResultKey>APP-TEST1-11</planResultKey>
  </artifact>
  <artifact>
   <id>852105</id>
   <label>Keep backend</label>
   <sharedArtifact>true</sharedArtifact>
   <globallyStored>false</globallyStored>
   <type>com.atlassian.bamboo.plugin.artifact.handler.local:ServerLocalArtifactHandler</type>
   <size>6649401</size>
   <planResultKey>APP-TEST1-11</planResultKey>
  </artifact>
  <artifact>
   <id>852106</id>
   <label>Keep app</label>
   <sharedArtifact>true</sharedArtifact>
   <globallyStored>false</globallyStored>
   <type>com.atlassian.bamboo.plugin.artifact.handler.local:ServerLocalArtifactHandler</type>
   <size>1923355</size>
   <planResultKey>APP-TEST1-11</planResultKey>
  </artifact>
  <artifact>
   <id>852107</id>
   <label>Keep ci_app</label>
   <sharedArtifact>true</sharedArtifact>
   <globallyStored>false</globallyStored>
   <type>com.atlassian.bamboo.plugin.artifact.handler.local:ServerLocalArtifactHandler</type>
   <size>92372</size>
   <planResultKey>APP-TEST2-14</planResultKey>
  </artifact>
  <artifact>
   <id>852108</id>
   <label>Keep backend</label>
   <sharedArtifact>true</sharedArtifact>
   <globallyStored>false</globallyStored>
   <type>com.atlassian.bamboo.plugin.artifact.handler.local:ServerLocalArtifactHandler</type>
   <size>6650391</size>
   <planResultKey>APP-TEST2-14</planResultKey>
  </artifact>
  <artifact>
   <id>852109</id>
   <label>Keep app</label>
   <sharedArtifact>true</sharedArtifact>
   <globallyStored>false</globallyStored>
   <type>com.atlassian.bamboo.plugin.artifact.handler.local:ServerLocalArtifactHandler</type>
   <size>1923355</size>
   <planResultKey>APP-TEST2-14</planResultKey>
  </artifact>
  <artifact>
   <id>852110</id>
   <label>Keep ci_app</label>
   <sharedArtifact>true</sharedArtifact>
   <globallyStored>false</globallyStored>
   <type>com.atlassian.bamboo.plugin.artifact.handler.local:ServerLocalArtifactHandler</type>
   <size>92372</size>
   <planResultKey>APP-TEST2-15</planResultKey>
  </artifact>
  <artifact>
   <id>852111</id>
   <label>Keep backend</label>
   <sharedArtifact>true</sharedArtifact>
   <globallyStored>false</globallyStored>
   <type>com.atlassian.bamboo.plugin.artifact.handler.local:ServerLocalArtifactHandler</type>
   <size>6651881</size>
   <planResultKey>APP-TEST2-15</planResultKey>
  </artifact>
  <artifact>
   <id>852112</id>
   <label>Keep app</label>
   <sharedArtifact>true</sharedArtifact>
   <globallyStored>false</globallyStored>
   <type>com.atlassian.bamboo.plugin.artifact.handler.local:ServerLocalArtifactHandler</type>
   <size>1923355</size>
   <planResultKey>APP-TEST2-15</planResultKey>
  </artifact>
  <artifact>
   <id>852113</id>
   <label>Keep ci_app</label>
   <sharedArtifact>true</sharedArtifact>
   <globallyStored>false</globallyStored>
   <type>com.atlassian.bamboo.plugin.artifact.handler.local:ServerLocalArtifactHandler</type>
   <size>92372</size>
   <planResultKey>APP-TEST0-15</planResultKey>
  </artifact>
  <artifact>
   <id>852114</id>
   <label>Keep backend</label>
   <sharedArtifact>true</sharedArtifact>
   <globallyStored>false</globallyStored>
   <type>com.atlassian.bamboo.plugin.artifact.handler.local:ServerLocalArtifactHandler</type>
   <size>6653003</size>
   <planResultKey>APP-TEST0-15</planResultKey>
  </artifact>
  <artifact>
   <id>852115</id>
   <label>Keep app</label>
   <sharedArtifact>true</sharedArtifact>
   <globallyStored>false</globallyStored>
   <type>com.atlassian.bamboo.plugin.artifact.handler.local:ServerLocalArtifactHandler</type>
   <size>1923355</size>
   <planResultKey>APP-TEST0-15</planResultKey>
  </artifact>
  <artifact>
   <id>852116</id>
   <label>Keep ci_app</label>
   <sharedArtifact>true</sharedArtifact>
   <globallyStored>false</globallyStored>
   <type>com.atlassian.bamboo.plugin.artifact.handler.local:ServerLocalArtifactHandler</type>
   <size>92372</size>
   <planResultKey>APP-TEST-14</planResultKey>
  </artifact>
  <artifact>
   <id>852117</id>
   <label>Keep backend</label>
   <sharedArtifact>true</sharedArtifact>
   <globallyStored>false</globallyStored>
   <type>com.atlassian.bamboo.plugin.artifact.handler.local:ServerLocalArtifactHandler</type>
   <size>6651863</size>
   <planResultKey>APP-TEST-14</planResultKey>
  </artifact>
  <artifact>
   <id>852118</id>
   <label>Keep app</label>
   <sharedArtifact>true</sharedArtifact>
   <globallyStored>false</globallyStored>
   <type>com.atlassian.bamboo.plugin.artifact.handler.local:ServerLocalArtifactHandler</type>
   <size>1923355</size>
   <planResultKey>APP-TEST-14</planResultKey>
  </artifact>
  <artifact>
   <id>852119</id>
   <label>Keep ci_app</label>
   <sharedArtifact>true</sharedArtifact>
   <globallyStored>false</globallyStored>
   <type>com.atlassian.bamboo.plugin.artifact.handler.local:ServerLocalArtifactHandler</type>
   <size>92372</size>
   <planResultKey>APP-TEST2-16</planResultKey>
  </artifact>
  <artifact>
   <id>852120</id>
   <label>Keep backend</label>
   <sharedArtifact>true</sharedArtifact>
   <globallyStored>false</globallyStored>
   <type>com.atlassian.bamboo.plugin.artifact.handler.local:ServerLocalArtifactHandler</type>
   <size>6651863</size>
   <planResultKey>APP-TEST2-16</planResultKey>
  </artifact>
  <artifact>
   <id>852121</id>
   <label>Keep app</label>
   <sharedArtifact>true</sharedArtifact>
   <globallyStored>false</globallyStored>
   <type>com.atlassian.bamboo.plugin.artifact.handler.local:ServerLocalArtifactHandler</type>
   <size>1923355</size>
   <planResultKey>APP-TEST2-16</planResultKey>
  </artifact>
  <artifact>
   <id>852122</id>
   <label>Keep ci_app</label>
   <sharedArtifact>true</sharedArtifact>
   <globallyStored>false</globallyStored>
   <type>com.atlassian.bamboo.plugin.artifact.handler.local:ServerLocalArtifactHandler</type>
   <size>92372</size>
   <planResultKey>APP-TEST1-12</planResultKey>
  </artifact>
  <artifact>
   <id>852123</id>
   <label>Keep backend</label>
   <sharedArtifact>true</sharedArtifact>
   <globallyStored>false</globallyStored>
   <type>com.atlassian.bamboo.plugin.artifact.handler.local:ServerLocalArtifactHandler</type>
   <size>6651863</size>
   <planResultKey>APP-TEST1-12</planResultKey>
  </artifact>
  <artifact>
   <id>852124</id>
   <label>Keep app</label>
   <sharedArtifact>true</sharedArtifact>
   <globallyStored>false</globallyStored>
   <type>com.atlassian.bamboo.plugin.artifact.handler.local:ServerLocalArtifactHandler</type>
   <size>1923355</size>
   <planResultKey>APP-TEST1-12</planResultKey>
  </artifact>
  <artifact>
   <id>852125</id>
   <label>Keep ci_app</label>
   <sharedArtifact>true</sharedArtifact>
   <globallyStored>false</globallyStored>
   <type>com.atlassian.bamboo.plugin.artifact.handler.local:ServerLocalArtifactHandler</type>
   <size>92372</size>
   <planResultKey>APP-TEST2-17</planResultKey>
  </artifact>
  <artifact>
   <id>852126</id>
   <label>Keep backend</label>
   <sharedArtifact>true</sharedArtifact>
   <globallyStored>false</globallyStored>
   <type>com.atlassian.bamboo.plugin.artifact.handler.local:ServerLocalArtifactHandler</type>
   <size>6651880</size>
   <planResultKey>APP-TEST2-17</planResultKey>
  </artifact>
  <artifact>
   <id>852127</id>
   <label>Keep app</label>
   <sharedArtifact>true</sharedArtifact>
   <globallyStored>false</globallyStored>
   <type>com.atlassian.bamboo.plugin.artifact.handler.local:ServerLocalArtifactHandler</type>
   <size>1923355</size>
   <planResultKey>APP-TEST2-17</planResultKey>
  </artifact>
  <artifact>
   <id>852128</id>
   <label>Keep ci_app</label>
   <sharedArtifact>true</sharedArtifact>
   <globallyStored>false</globallyStored>
   <type>com.atlassian.bamboo.plugin.artifact.handler.local:ServerLocalArtifactHandler</type>
   <size>94983</size>
   <planResultKey>APP-TEST0-16</planResultKey>
  </artifact>
  <artifact>
   <id>852129</id>
   <label>Keep backend</label>
   <sharedArtifact>true</sharedArtifact>
   <globallyStored>false</globallyStored>
   <type>com.atlassian.bamboo.plugin.artifact.handler.local:ServerLocalArtifactHandler</type>
   <size>6653025</size>
   <planResultKey>APP-TEST0-16</planResultKey>
  </artifact>
  <artifact>
   <id>852130</id>
   <label>Keep app</label>
   <sharedArtifact>true</sharedArtifact>
   <globallyStored>false</globallyStored>
   <type>com.atlassian.bamboo.plugin.artifact.handler.local:ServerLocalArtifactHandler</type>
   <size>1923355</size>
   <planResultKey>APP-TEST0-16</planResultKey>
  </artifact>
  <artifact>
   <id>852131</id>
   <label>Keep ci_app</label>
   <sharedArtifact>true</sharedArtifact>
   <globallyStored>false</globallyStored>
   <type>com.atlassian.bamboo.plugin.artifact.handler.local:ServerLocalArtifactHandler</type>
   <size>94983</size>
   <planResultKey>APP-TEST-15</planResultKey>
  </artifact>
  <artifact>
   <id>852132</id>
   <label>Keep backend</label>
   <sharedArtifact>true</sharedArtifact>
   <globallyStored>false</globallyStored>
   <type>com.atlassian.bamboo.plugin.artifact.handler.local:ServerLocalArtifactHandler</type>
   <size>6651885</size>
   <planResultKey>APP-TEST-15</planResultKey>
  </artifact>
  <artifact>
   <id>852133</id>
   <label>Keep app</label>
   <sharedArtifact>true</sharedArtifact>
   <globallyStored>false</globallyStored>
   <type>com.atlassian.bamboo.plugin.artifact.handler.local:ServerLocalArtifactHandler</type>
   <size>1923355</size>
   <planResultKey>APP-TEST-15</planResultKey>
  </artifact>
  <artifact>
   <id>852134</id>
   <label>Keep ci_app</label>
   <sharedArtifact>true</sharedArtifact>
   <globallyStored>false</globallyStored>
   <type>com.atlassian.bamboo.plugin.artifact.handler.local:ServerLocalArtifactHandler</type>
   <size>94983</size>
   <planResultKey>APP-TEST2-18</planResultKey>
  </artifact>
  <artifact>
   <id>852135</id>
   <label>Keep backend</label>
   <sharedArtifact>true</sharedArtifact>
   <globallyStored>false</globallyStored>
   <type>com.atlassian.bamboo.plugin.artifact.handler.local:ServerLocalArtifactHandler</type>
   <size>6651902</size>
   <planResultKey>APP-TEST2-18</planResultKey>
  </artifact>
  <artifact>
   <id>852136</id>
   <label>Keep app</label>
   <sharedArtifact>true</sharedArtifact>
   <globallyStored>false</globallyStored>
   <type>com.atlassian.bamboo.plugin.artifact.handler.local:ServerLocalArtifactHandler</type>
   <size>1923355</size>
   <planResultKey>APP-TEST2-18</planResultKey>
  </artifact>
  <artifact>
   <id>852137</id>
   <label>Keep ci_app</label>
   <sharedArtifact>true</sharedArtifact>
   <globallyStored>false</globallyStored>
   <type>com.atlassian.bamboo.plugin.artifact.handler.local:ServerLocalArtifactHandler</type>
   <size>94983</size>
   <planResultKey>APP-TEST1-13</planResultKey>
  </artifact>
  <artifact>
   <id>852138</id>
   <label>Keep backend</label>
   <sharedArtifact>true</sharedArtifact>
   <globallyStored>false</globallyStored>
   <type>com.atlassian.bamboo.plugin.artifact.handler.local:ServerLocalArtifactHandler</type>
   <size>6651885</size>
   <planResultKey>APP-TEST1-13</planResultKey>
  </artifact>
  <artifact>
   <id>852139</id>
   <label>Keep app</label>
   <sharedArtifact>true</sharedArtifact>
   <globallyStored>false</globallyStored>
   <type>com.atlassian.bamboo.plugin.artifact.handler.local:ServerLocalArtifactHandler</type>
   <size>1923355</size>
   <planResultKey>APP-TEST1-13</planResultKey>
  </artifact>
  <artifact>
   <id>852140</id>
   <label>Keep ci_app</label>
   <sharedArtifact>true</sharedArtifact>
   <globallyStored>false</globallyStored>
   <type>com.atlassian.bamboo.plugin.artifact.handler.local:ServerLocalArtifactHandler</type>
   <size>94983</size>
   <planResultKey>APP-TEST2-19</planResultKey>
  </artifact>
  <artifact>
   <id>852141</id>
   <label>Keep backend</label>
   <sharedArtifact>true</sharedArtifact>
   <globallyStored>false</globallyStored>
   <type>com.atlassian.bamboo.plugin.artifact.handler.local:ServerLocalArtifactHandler</type>
   <size>6651952</size>
   <planResultKey>APP-TEST2-19</planResultKey>
  </artifact>
  <artifact>
   <id>852142</id>
   <label>Keep app</label>
   <sharedArtifact>true</sharedArtifact>
   <globallyStored>false</globallyStored>
   <type>com.atlassian.bamboo.plugin.artifact.handler.local:ServerLocalArtifactHandler</type>
   <size>1923355</size>
   <planResultKey>APP-TEST2-19</planResultKey>
  </artifact>
  <artifact>
   <id>852143</id>
   <label>Keep ci_app</label>
   <sharedArtifact>true</sharedArtifact>
   <globallyStored>false</globallyStored>
   <type>com.atlassian.bamboo.plugin.artifact.handler.local:ServerLocalArtifactHandler</type>
   <size>94983</size>
   <planResultKey>APP-TEST1-14</planResultKey>
  </artifact>
  <artifact>
   <id>852144</id>
   <label>Keep backend</label>
   <sharedArtifact>true</sharedArtifact>
   <globallyStored>false</globallyStored>
   <type>com.atlassian.bamboo.plugin.artifact.handler.local:ServerLocalArtifactHandler</type>
   <size>6651885</size>
   <planResultKey>APP-TEST1-14</planResultKey>
  </artifact>
  <artifact>
   <id>852145</id>
   <label>Keep app</label>
   <sharedArtifact>true</sharedArtifact>
   <globallyStored>false</globallyStored>
   <type>com.atlassian.bamboo.plugin.artifact.handler.local:ServerLocalArtifactHandler</type>
   <size>1923355</size>
   <planResultKey>APP-TEST1-14</planResultKey>
  </artifact>
  <artifact>
   <id>852146</id>
   <label>Keep ci_app</label>
   <sharedArtifact>true</sharedArtifact>
   <globallyStored>false</globallyStored>
   <type>com.atlassian.bamboo.plugin.artifact.handler.local:ServerLocalArtifactHandler</type>
   <size>94983</size>
   <planResultKey>APP-TEST2-20</planResultKey>
  </artifact>
  <artifact>
   <id>852147</id>
   <label>Keep backend</label>
   <sharedArtifact>true</sharedArtifact>
   <globallyStored>false</globallyStored>
   <type>com.atlassian.bamboo.plugin.artifact.handler.local:ServerLocalArtifactHandler</type>
   <size>6651952</size>
   <planResultKey>APP-TEST2-20</planResultKey>
  </artifact>
  <artifact>
   <id>852148</id>
   <label>Keep app</label>
   <sharedArtifact>true</sharedArtifact>
   <globallyStored>false</globallyStored>
   <type>com.atlassian.bamboo.plugin.artifact.handler.local:ServerLocalArtifactHandler</type>
   <size>1923355</size>
   <planResultKey>APP-TEST2-20</planResultKey>
  </artifact>
  <artifact>
   <id>852149</id>
   <label>Keep ci_app</label>
   <sharedArtifact>true</sharedArtifact>
   <globallyStored>false</globallyStored>
   <type>com.atlassian.bamboo.plugin.artifact.handler.local:ServerLocalArtifactHandler</type>
   <size>94983</size>
   <planResultKey>APP-TEST0-17</planResultKey>
  </artifact>
  <artifact>
   <id>852150</id>
   <label>Keep backend</label>
   <sharedArtifact>true</sharedArtifact>
   <globallyStored>false</globallyStored>
   <type>com.atlassian.bamboo.plugin.artifact.handler.local:ServerLocalArtifactHandler</type>
   <size>6653025</size>
   <planResultKey>APP-TEST0-17</planResultKey>
  </artifact>
  <artifact>
   <id>852151</id>
   <label>Keep app</label>
   <sharedArtifact>true</sharedArtifact>
   <globallyStored>false</globallyStored>
   <type>com.atlassian.bamboo.plugin.artifact.handler.local:ServerLocalArtifactHandler</type>
   <size>1923355</size>
   <planResultKey>APP-TEST0-17</planResultKey>
  </artifact>
  <artifact>
   <id>852152</id>
   <label>Keep ci_app</label>
   <sharedArtifact>true</sharedArtifact>
   <globallyStored>false</globallyStored>
   <type>com.atlassian.bamboo.plugin.artifact.handler.local:ServerLocalArtifactHandler</type>
   <size>94983</size>
   <planResultKey>APP-TEST-16</planResultKey>
  </artifact>
  <artifact>
   <id>852153</id>
   <label>Keep backend</label>
   <sharedArtifact>true</sharedArtifact>
   <globallyStored>false</globallyStored>
   <type>com.atlassian.bamboo.plugin.artifact.handler.local:ServerLocalArtifactHandler</type>
   <size>6651885</size>
   <planResultKey>APP-TEST-16</planResultKey>
  </artifact>
  <artifact>
   <id>852154</id>
   <label>Keep app</label>
   <sharedArtifact>true</sharedArtifact>
   <globallyStored>false</globallyStored>
   <type>com.atlassian.bamboo.plugin.artifact.handler.local:ServerLocalArtifactHandler</type>
   <size>1923355</size>
   <planResultKey>APP-TEST-16</planResultKey>
  </artifact>
  <artifact>
   <id>852155</id>
   <label>Keep ci_app</label>
   <sharedArtifact>true</sharedArtifact>
   <globallyStored>false</globallyStored>
   <type>com.atlassian.bamboo.plugin.artifact.handler.local:ServerLocalArtifactHandler</type>
   <size>94985</size>
   <planResultKey>APP-TEST0-18</planResultKey>
  </artifact>
  <artifact>
   <id>852156</id>
   <label>Keep backend</label>
   <sharedArtifact>true</sharedArtifact>
   <globallyStored>false</globallyStored>
   <type>com.atlassian.bamboo.plugin.artifact.handler.local:ServerLocalArtifactHandler</type>
   <size>6653025</size>
   <planResultKey>APP-TEST0-18</planResultKey>
  </artifact>
  <artifact>
   <id>852157</id>
   <label>Keep app</label>
   <sharedArtifact>true</sharedArtifact>
   <globallyStored>false</globallyStored>
   <type>com.atlassian.bamboo.plugin.artifact.handler.local:ServerLocalArtifactHandler</type>
   <size>1923355</size>
   <planResultKey>APP-TEST0-18</planResultKey>
  </artifact>
  <artifact>
   <id>852158</id>
   <label>Keep ci_app</label>
   <sharedArtifact>true</sharedArtifact>
   <globallyStored>false</globallyStored>
   <type>com.atlassian.bamboo.plugin.artifact.handler.local:ServerLocalArtifactHandler</type>
   <size>94985</size>
   <planResultKey>APP-TEST-17</planResultKey>
  </artifact>
  <artifact>
   <id>852159</id>
   <label>Keep backend</label>
   <sharedArtifact>true</sharedArtifact>
   <globallyStored>false</globallyStored>
   <type>com.atlassian.bamboo.plugin.artifact.handler.local:ServerLocalArtifactHandler</type>
   <size>6651885</size>
   <planResultKey>APP-TEST-17</planResultKey>
  </artifact>
  <artifact>
   <id>852160</id>
   <label>Keep app</label>
   <sharedArtifact>true</sharedArtifact>
   <globallyStored>false</globallyStored>
   <type>com.atlassian.bamboo.plugin.artifact.handler.local:ServerLocalArtifactHandler</type>
   <size>1923355</size>
   <planResultKey>APP-TEST-17</planResultKey>
  </artifact>
  <artifact>
   <id>852161</id>
   <label>Keep ci_app</label>
   <sharedArtifact>true</sharedArtifact>
   <globallyStored>false</globallyStored>
   <type>com.atlassian.bamboo.plugin.artifact.handler.local:ServerLocalArtifactHandler</type>
   <size>94985</size>
   <planResultKey>APP-TEST2-21</planResultKey>
  </artifact>
  <artifact>
   <id>852162</id>
   <label>Keep backend</label>
   <sharedArtifact>true</sharedArtifact>
   <globallyStored>false</globallyStored>
   <type>com.atlassian.bamboo.plugin.artifact.handler.local:ServerLocalArtifactHandler</type>
   <size>6651952</size>
   <planResultKey>APP-TEST2-21</planResultKey>
  </artifact>
  <artifact>
   <id>852163</id>
   <label>Keep app</label>
   <sharedArtifact>true</sharedArtifact>
   <globallyStored>false</globallyStored>
   <type>com.atlassian.bamboo.plugin.artifact.handler.local:ServerLocalArtifactHandler</type>
   <size>1923355</size>
   <planResultKey>APP-TEST2-21</planResultKey>
  </artifact>
  <artifact>
   <id>852164</id>
   <label>Keep ci_app</label>
   <sharedArtifact>true</sharedArtifact>
   <globallyStored>false</globallyStored>
   <type>com.atlassian.bamboo.plugin.artifact.handler.local:ServerLocalArtifactHandler</type>
   <size>94985</size>
   <planResultKey>APP-TEST1-15</planResultKey>
  </artifact>
  <artifact>
   <id>852165</id>
   <label>Keep backend</label>
   <sharedArtifact>true</sharedArtifact>
   <globallyStored>false</globallyStored>
   <type>com.atlassian.bamboo.plugin.artifact.handler.local:ServerLocalArtifactHandler</type>
   <size>6651885</size>
   <planResultKey>APP-TEST1-15</planResultKey>
  </artifact>
  <artifact>
   <id>852166</id>
   <label>Keep app</label>
   <sharedArtifact>true</sharedArtifact>
   <globallyStored>false</globallyStored>
   <type>com.atlassian.bamboo.plugin.artifact.handler.local:ServerLocalArtifactHandler</type>
   <size>1923355</size>
   <planResultKey>APP-TEST1-15</planResultKey>
  </artifact>
  <artifact>
   <id>852167</id>
   <label>Keep ci_app</label>
   <sharedArtifact>true</sharedArtifact>
   <globallyStored>false</globallyStored>
   <type>com.atlassian.bamboo.plugin.artifact.handler.local:ServerLocalArtifactHandler</type>
   <size>95364</size>
   <planResultKey>APP-TEST0-19</planResultKey>
  </artifact>
  <artifact>
   <id>852168</id>
   <label>Keep backend</label>
   <sharedArtifact>true</sharedArtifact>
   <globallyStored>false</globallyStored>
   <type>com.atlassian.bamboo.plugin.artifact.handler.local:ServerLocalArtifactHandler</type>
   <size>6653439</size>
   <planResultKey>APP-TEST0-19</planResultKey>
  </artifact>
  <artifact>
   <id>852169</id>
   <label>Keep app</label>
   <sharedArtifact>true</sharedArtifact>
   <globallyStored>false</globallyStored>
   <type>com.atlassian.bamboo.plugin.artifact.handler.local:ServerLocalArtifactHandler</type>
   <size>1923380</size>
   <planResultKey>APP-TEST0-19</planResultKey>
  </artifact>
  <artifact>
   <id>852170</id>
   <label>Keep ci_app</label>
   <sharedArtifact>true</sharedArtifact>
   <globallyStored>false</globallyStored>
   <type>com.atlassian.bamboo.plugin.artifact.handler.local:ServerLocalArtifactHandler</type>
   <size>95364</size>
   <planResultKey>APP-TEST-18</planResultKey>
  </artifact>
  <artifact>
   <id>852171</id>
   <label>Keep backend</label>
   <sharedArtifact>true</sharedArtifact>
   <globallyStored>false</globallyStored>
   <type>com.atlassian.bamboo.plugin.artifact.handler.local:ServerLocalArtifactHandler</type>
   <size>6652299</size>
   <planResultKey>APP-TEST-18</planResultKey>
  </artifact>
  <artifact>
   <id>852172</id>
   <label>Keep app</label>
   <sharedArtifact>true</sharedArtifact>
   <globallyStored>false</globallyStored>
   <type>com.atlassian.bamboo.plugin.artifact.handler.local:ServerLocalArtifactHandler</type>
   <size>1923380</size>
   <planResultKey>APP-TEST-18</planResultKey>
  </artifact>
  <artifact>
   <id>852173</id>
   <label>Keep ci_app</label>
   <sharedArtifact>true</sharedArtifact>
   <globallyStored>false</globallyStored>
   <type>com.atlassian.bamboo.plugin.artifact.handler.local:ServerLocalArtifactHandler</type>
   <size>95364</size>
   <planResultKey>APP-TEST1-16</planResultKey>
  </artifact>
  <artifact>
   <id>852174</id>
   <label>Keep backend</label>
   <sharedArtifact>true</sharedArtifact>
   <globallyStored>false</globallyStored>
   <type>com.atlassian.bamboo.plugin.artifact.handler.local:ServerLocalArtifactHandler</type>
   <size>6652299</size>
   <planResultKey>APP-TEST1-16</planResultKey>
  </artifact>
  <artifact>
   <id>852175</id>
   <label>Keep app</label>
   <sharedArtifact>true</sharedArtifact>
   <globallyStored>false</globallyStored>
   <type>com.atlassian.bamboo.plugin.artifact.handler.local:ServerLocalArtifactHandler</type>
   <size>1923380</size>
   <planResultKey>APP-TEST1-16</planResultKey>
  </artifact>
  <artifact>
   <id>852176</id>
   <label>Keep ci_app</label>
   <sharedArtifact>true</sharedArtifact>
   <globallyStored>false</globallyStored>
   <type>com.atlassian.bamboo.plugin.artifact.handler.local:ServerLocalArtifactHandler</type>
   <size>95364</size>
   <planResultKey>APP-TEST2-22</planResultKey>
  </artifact>
  <artifact>
   <id>852177</id>
   <label>Keep backend</label>
   <sharedArtifact>true</sharedArtifact>
   <globallyStored>false</globallyStored>
   <type>com.atlassian.bamboo.plugin.artifact.handler.local:ServerLocalArtifactHandler</type>
   <size>6652384</size>
   <planResultKey>APP-TEST2-22</planResultKey>
  </artifact>
  <artifact>
   <id>852178</id>
   <label>Keep app</label>
   <sharedArtifact>true</sharedArtifact>
   <globallyStored>false</globallyStored>
   <type>com.atlassian.bamboo.plugin.artifact.handler.local:ServerLocalArtifactHandler</type>
   <size>1923380</size>
   <planResultKey>APP-TEST2-22</planResultKey>
  </artifact>
  <artifact>
   <id>852179</id>
   <label>Keep ci_app</label>
   <sharedArtifact>true</sharedArtifact>
   <globallyStored>false</globallyStored>
   <type>com.atlassian.bamboo.plugin.artifact.handler.local:ServerLocalArtifactHandler</type>
   <size>95497</size>
   <planResultKey>APP-TEST-19</planResultKey>
  </artifact>
  <artifact>
   <id>852180</id>
   <label>Keep backend</label>
   <sharedArtifact>true</sharedArtifact>
   <globallyStored>false</globallyStored>
   <type>com.atlassian.bamboo.plugin.artifact.handler.local:ServerLocalArtifactHandler</type>
   <size>6652299</size>
   <planResultKey>APP-TEST-19</planResultKey>
  </artifact>
  <artifact>
   <id>852181</id>
   <label>Keep app</label>
   <sharedArtifact>true</sharedArtifact>
   <globallyStored>false</globallyStored>
   <type>com.atlassian.bamboo.plugin.artifact.handler.local:ServerLocalArtifactHandler</type>
   <size>1923380</size>
   <planResultKey>APP-TEST-19</planResultKey>
  </artifact>
  <artifact>
   <id>852182</id>
   <label>Keep ci_app</label>
   <sharedArtifact>true</sharedArtifact>
   <globallyStored>false</globallyStored>
   <type>com.atlassian.bamboo.plugin.artifact.handler.local:ServerLocalArtifactHandler</type>
   <size>95497</size>
   <planResultKey>APP-TEST2-23</planResultKey>
  </artifact>
  <artifact>
   <id>852183</id>
   <label>Keep backend</label>
   <sharedArtifact>true</sharedArtifact>
   <globallyStored>false</globallyStored>
   <type>com.atlassian.bamboo.plugin.artifact.handler.local:ServerLocalArtifactHandler</type>
   <size>6652384</size>
   <planResultKey>APP-TEST2-23</planResultKey>
  </artifact>
  <artifact>
   <id>852184</id>
   <label>Keep app</label>
   <sharedArtifact>true</sharedArtifact>
   <globallyStored>false</globallyStored>
   <type>com.atlassian.bamboo.plugin.artifact.handler.local:ServerLocalArtifactHandler</type>
   <size>1923380</size>
   <planResultKey>APP-TEST2-23</planResultKey>
  </artifact>
  <artifact>
   <id>852185</id>
   <label>Keep ci_app</label>
   <sharedArtifact>true</sharedArtifact>
   <globallyStored>false</globallyStored>
   <type>com.atlassian.bamboo.plugin.artifact.handler.local:ServerLocalArtifactHandler</type>
   <size>95497</size>
   <planResultKey>APP-TEST1-17</planResultKey>
  </artifact>
  <artifact>
   <id>852186</id>
   <label>Keep backend</label>
   <sharedArtifact>true</sharedArtifact>
   <globallyStored>false</globallyStored>
   <type>com.atlassian.bamboo.plugin.artifact.handler.local:ServerLocalArtifactHandler</type>
   <size>6652299</size>
   <planResultKey>APP-TEST1-17</planResultKey>
  </artifact>
  <artifact>
   <id>852187</id>
   <label>Keep app</label>
   <sharedArtifact>true</sharedArtifact>
   <globallyStored>false</globallyStored>
   <type>com.atlassian.bamboo.plugin.artifact.handler.local:ServerLocalArtifactHandler</type>
   <size>1923380</size>
   <planResultKey>APP-TEST1-17</planResultKey>
  </artifact>
  <artifact>
   <id>852188</id>
   <label>Keep ci_app</label>
   <sharedArtifact>true</sharedArtifact>
   <globallyStored>false</globallyStored>
   <type>com.atlassian.bamboo.plugin.artifact.handler.local:ServerLocalArtifactHandler</type>
   <size>95492</size>
   <planResultKey>APP-TEST0-20</planResultKey>
  </artifact>
  <artifact>
   <id>852189</id>
   <label>Keep backend</label>
   <sharedArtifact>true</sharedArtifact>
   <globallyStored>false</globallyStored>
   <type>com.atlassian.bamboo.plugin.artifact.handler.local:ServerLocalArtifactHandler</type>
   <size>6653439</size>
   <planResultKey>APP-TEST0-20</planResultKey>
  </artifact>
  <artifact>
   <id>852190</id>
   <label>Keep app</label>
   <sharedArtifact>true</sharedArtifact>
   <globallyStored>false</globallyStored>
   <type>com.atlassian.bamboo.plugin.artifact.handler.local:ServerLocalArtifactHandler</type>
   <size>1923380</size>
   <planResultKey>APP-TEST0-20</planResultKey>
  </artifact>
  <artifact>
   <id>852191</id>
   <label>Keep ci_app</label>
   <sharedArtifact>true</sharedArtifact>
   <globallyStored>false</globallyStored>
   <type>com.atlassian.bamboo.plugin.artifact.handler.local:ServerLocalArtifactHandler</type>
   <size>95492</size>
   <planResultKey>APP-TEST-20</planResultKey>
  </artifact>
  <artifact>
   <id>852192</id>
   <label>Keep backend</label>
   <sharedArtifact>true</sharedArtifact>
   <globallyStored>false</globallyStored>
   <type>com.atlassian.bamboo.plugin.artifact.handler.local:ServerLocalArtifactHandler</type>
   <size>6652299</size>
   <planResultKey>APP-TEST-20</planResultKey>
  </artifact>
  <artifact>
   <id>852193</id>
   <label>Keep app</label>
   <sharedArtifact>true</sharedArtifact>
   <globallyStored>false</globallyStored>
   <type>com.atlassian.bamboo.plugin.artifact.handler.local:ServerLocalArtifactHandler</type>
   <size>1923380</size>
   <planResultKey>APP-TEST-20</planResultKey>
  </artifact>
  <artifact>
   <id>852194</id>
   <label>Keep ci_app</label>
   <sharedArtifact>true</sharedArtifact>
   <globallyStored>false</globallyStored>
   <type>com.atlassian.bamboo.plugin.artifact.handler.local:ServerLocalArtifactHandler</type>
   <size>95492</size>
   <planResultKey>APP-TEST2-24</planResultKey>
  </artifact>
  <artifact>
   <id>852195</id>
   <label>Keep backend</label>
   <sharedArtifact>true</sharedArtifact>
   <globallyStored>false</globallyStored>
   <type>com.atlassian.bamboo.plugin.artifact.handler.local:ServerLocalArtifactHandler</type>
   <size>6652384</size>
   <planResultKey>APP-TEST2-24</planResultKey>
  </artifact>
  <artifact>
   <id>852196</id>
   <label>Keep app</label>
   <sharedArtifact>true</sharedArtifact>
   <globallyStored>false</globallyStored>
   <type>com.atlassian.bamboo.plugin.artifact.handler.local:ServerLocalArtifactHandler</type>
   <size>1923380</size>
   <planResultKey>APP-TEST2-24</planResultKey>
  </artifact>
  <artifact>
   <id>852197</id>
   <label>Keep ci_app</label>
   <sharedArtifact>true</sharedArtifact>
   <globallyStored>false</globallyStored>
   <type>com.atlassian.bamboo.plugin.artifact.handler.local:ServerLocalArtifactHandler</type>
   <size>95492</size>
   <planResultKey>APP-TEST1-18</planResultKey>
  </artifact>
  <artifact>
   <id>852198</id>
   <label>Keep backend</label>
   <sharedArtifact>true</sharedArtifact>
   <globallyStored>false</globallyStored>
   <type>com.atlassian.bamboo.plugin.artifact.handler.local:ServerLocalArtifactHandler</type>
   <size>6652299</size>
   <planResultKey>APP-TEST1-18</planResultKey>
  </artifact>
  <artifact>
   <id>852199</id>
   <label>Keep app</label>
   <sharedArtifact>true</sharedArtifact>
   <globallyStored>false</globallyStored>
   <type>com.atlassian.bamboo.plugin.artifact.handler.local:ServerLocalArtifactHandler</type>
   <size>1923380</size>
   <planResultKey>APP-TEST1-18</planResultKey>
  </artifact>
  <artifact>
   <id>852200</id>
   <label>Keep ci_app</label>
   <sharedArtifact>true</sharedArtifact>
   <globallyStored>false</globallyStored>
   <type>com.atlassian.bamboo.plugin.artifact.handler.local:ServerLocalArtifactHandler</type>
   <size>95492</size>
   <planResultKey>APP-TEST2-25</planResultKey>
  </artifact>
  <artifact>
   <id>852201</id>
   <label>Keep backend</label>
   <sharedArtifact>true</sharedArtifact>
   <globallyStored>false</globallyStored>
   <type>com.atlassian.bamboo.plugin.artifact.handler.local:ServerLocalArtifactHandler</type>
   <size>6653599</size>
   <planResultKey>APP-TEST2-25</planResultKey>
  </artifact>
  <artifact>
   <id>852202</id>
   <label>Keep app</label>
   <sharedArtifact>true</sharedArtifact>
   <globallyStored>false</globallyStored>
   <type>com.atlassian.bamboo.plugin.artifact.handler.local:ServerLocalArtifactHandler</type>
   <size>1923380</size>
   <planResultKey>APP-TEST2-25</planResultKey>
  </artifact>
  <artifact>
   <id>852203</id>
   <label>Keep ci_app</label>
   <sharedArtifact>true</sharedArtifact>
   <globallyStored>false</globallyStored>
   <type>com.atlassian.bamboo.plugin.artifact.handler.local:ServerLocalArtifactHandler</type>
   <size>95492</size>
   <planResultKey>APP-TEST-21</planResultKey>
  </artifact>
  <artifact>
   <id>852204</id>
   <label>Keep backend</label>
   <sharedArtifact>true</sharedArtifact>
   <globallyStored>false</globallyStored>
   <type>com.atlassian.bamboo.plugin.artifact.handler.local:ServerLocalArtifactHandler</type>
   <size>6653599</size>
   <planResultKey>APP-TEST-21</planResultKey>
  </artifact>
  <artifact>
   <id>852205</id>
   <label>Keep app</label>
   <sharedArtifact>true</sharedArtifact>
   <globallyStored>false</globallyStored>
   <type>com.atlassian.bamboo.plugin.artifact.handler.local:ServerLocalArtifactHandler</type>
   <size>1923380</size>
   <planResultKey>APP-TEST-21</planResultKey>
  </artifact>
  <artifact>
   <id>852206</id>
   <label>Keep ci_app</label>
   <sharedArtifact>true</sharedArtifact>
   <globallyStored>false</globallyStored>
   <type>com.atlassian.bamboo.plugin.artifact.handler.local:ServerLocalArtifactHandler</type>
   <size>95492</size>
   <planResultKey>APP-TEST3-1</planResultKey>
  </artifact>
  <artifact>
   <id>852207</id>
   <label>Keep backend</label>
   <sharedArtifact>true</sharedArtifact>
   <globallyStored>false</globallyStored>
   <type>com.atlassian.bamboo.plugin.artifact.handler.local:ServerLocalArtifactHandler</type>
   <size>6653599</size>
   <planResultKey>APP-TEST3-1</planResultKey>
  </artifact>
  <artifact>
   <id>852208</id>
   <label>Keep app</label>
   <sharedArtifact>true</sharedArtifact>
   <globallyStored>false</globallyStored>
   <type>com.atlassian.bamboo.plugin.artifact.handler.local:ServerLocalArtifactHandler</type>
   <size>1923380</size>
   <planResultKey>APP-TEST3-1</planResultKey>
  </artifact>
  <artifact>
   <id>852209</id>
   <label>Keep ci_app</label>
   <sharedArtifact>true</sharedArtifact>
   <globallyStored>false</globallyStored>
   <type>com.atlassian.bamboo.plugin.artifact.handler.local:ServerLocalArtifactHandler</type>
   <size>95492</size>
   <planResultKey>APP-TEST3-2</planResultKey>
  </artifact>
  <artifact>
   <id>852210</id>
   <label>Keep backend</label>
   <sharedArtifact>true</sharedArtifact>
   <globallyStored>false</globallyStored>
   <type>com.atlassian.bamboo.plugin.artifact.handler.local:ServerLocalArtifactHandler</type>
   <size>6653599</size>
   <planResultKey>APP-TEST3-2</planResultKey>
  </artifact>
  <artifact>
   <id>852211</id>
   <label>Keep app</label>
   <sharedArtifact>true</sharedArtifact>
   <globallyStored>false</globallyStored>
   <type>com.atlassian.bamboo.plugin.artifact.handler.local:ServerLocalArtifactHandler</type>
   <size>1923475</size>
   <planResultKey>APP-TEST3-2</planResultKey>
  </artifact>
  <artifact>
   <id>852212</id>
   <label>Keep ci_app</label>
   <sharedArtifact>true</sharedArtifact>
   <globallyStored>false</globallyStored>
   <type>com.atlassian.bamboo.plugin.artifact.handler.local:ServerLocalArtifactHandler</type>
   <size>95492</size>
   <planResultKey>APP-TEST0-21</planResultKey>
  </artifact>
  <artifact>
   <id>852213</id>
   <label>Keep backend</label>
   <sharedArtifact>true</sharedArtifact>
   <globallyStored>false</globallyStored>
   <type>com.atlassian.bamboo.plugin.artifact.handler.local:ServerLocalArtifactHandler</type>
   <size>6654739</size>
   <planResultKey>APP-TEST0-21</planResultKey>
  </artifact>
  <artifact>
   <id>852214</id>
   <label>Keep app</label>
   <sharedArtifact>true</sharedArtifact>
   <globallyStored>false</globallyStored>
   <type>com.atlassian.bamboo.plugin.artifact.handler.local:ServerLocalArtifactHandler</type>
   <size>1923475</size>
   <planResultKey>APP-TEST0-21</planResultKey>
  </artifact>
  <artifact>
   <id>852215</id>
   <label>Keep ci_app</label>
   <sharedArtifact>true</sharedArtifact>
   <globallyStored>false</globallyStored>
   <type>com.atlassian.bamboo.plugin.artifact.handler.local:ServerLocalArtifactHandler</type>
   <size>95492</size>
   <planResultKey>APP-TEST-22</planResultKey>
  </artifact>
  <artifact>
   <id>852216</id>
   <label>Keep backend</label>
   <sharedArtifact>true</sharedArtifact>
   <globallyStored>false</globallyStored>
   <type>com.atlassian.bamboo.plugin.artifact.handler.local:ServerLocalArtifactHandler</type>
   <size>6653599</size>
   <planResultKey>APP-TEST-22</planResultKey>
  </artifact>
  <artifact>
   <id>852217</id>
   <label>Keep app</label>
   <sharedArtifact>true</sharedArtifact>
   <globallyStored>false</globallyStored>
   <type>com.atlassian.bamboo.plugin.artifact.handler.local:ServerLocalArtifactHandler</type>
   <size>1923475</size>
   <planResultKey>APP-TEST-22</planResultKey>
  </artifact>
  <artifact>
   <id>852218</id>
   <label>Keep ci_app</label>
   <sharedArtifact>true</sharedArtifact>
   <globallyStored>false</globallyStored>
   <type>com.atlassian.bamboo.plugin.artifact.handler.local:ServerLocalArtifactHandler</type>
   <size>95492</size>
   <planResultKey>APP-TEST2-26</planResultKey>
  </artifact>
  <artifact>
   <id>852219</id>
   <label>Keep backend</label>
   <sharedArtifact>true</sharedArtifact>
   <globallyStored>false</globallyStored>
   <type>com.atlassian.bamboo.plugin.artifact.handler.local:ServerLocalArtifactHandler</type>
   <size>6653599</size>
   <planResultKey>APP-TEST2-26</planResultKey>
  </artifact>
  <artifact>
   <id>852220</id>
   <label>Keep app</label>
   <sharedArtifact>true</sharedArtifact>
   <globallyStored>false</globallyStored>
   <type>com.atlassian.bamboo.plugin.artifact.handler.local:ServerLocalArtifactHandler</type>
   <size>1923475</size>
   <planResultKey>APP-TEST2-26</planResultKey>
  </artifact>
  <artifact>
   <id>852221</id>
   <label>Keep ci_app</label>
   <sharedArtifact>true</sharedArtifact>
   <globallyStored>false</globallyStored>
   <type>com.atlassian.bamboo.plugin.artifact.handler.local:ServerLocalArtifactHandler</type>
   <size>95492</size>
   <planResultKey>APP-TEST1-19</planResultKey>
  </artifact>
  <artifact>
   <id>852222</id>
   <label>Keep backend</label>
   <sharedArtifact>true</sharedArtifact>
   <globallyStored>false</globallyStored>
   <type>com.atlassian.bamboo.plugin.artifact.handler.local:ServerLocalArtifactHandler</type>
   <size>6653599</size>
   <planResultKey>APP-TEST1-19</planResultKey>
  </artifact>
  <artifact>
   <id>852223</id>
   <label>Keep app</label>
   <sharedArtifact>true</sharedArtifact>
   <globallyStored>false</globallyStored>
   <type>com.atlassian.bamboo.plugin.artifact.handler.local:ServerLocalArtifactHandler</type>
   <size>1923475</size>
   <planResultKey>APP-TEST1-19</planResultKey>
  </artifact>
  <artifact>
   <id>852224</id>
   <label>Keep ci_app</label>
   <sharedArtifact>true</sharedArtifact>
   <globallyStored>false</globallyStored>
   <type>com.atlassian.bamboo.plugin.artifact.handler.local:ServerLocalArtifactHandler</type>
   <size>95492</size>
   <planResultKey>APP-TEST3-3</planResultKey>
  </artifact>
  <artifact>
   <id>852225</id>
   <label>Keep backend</label>
   <sharedArtifact>true</sharedArtifact>
   <globallyStored>false</globallyStored>
   <type>com.atlassian.bamboo.plugin.artifact.handler.local:ServerLocalArtifactHandler</type>
   <size>6653652</size>
   <planResultKey>APP-TEST3-3</planResultKey>
  </artifact>
  <artifact>
   <id>852226</id>
   <label>Keep app</label>
   <sharedArtifact>true</sharedArtifact>
   <globallyStored>false</globallyStored>
   <type>com.atlassian.bamboo.plugin.artifact.handler.local:ServerLocalArtifactHandler</type>
   <size>1923475</size>
   <planResultKey>APP-TEST3-3</planResultKey>
  </artifact>
  <artifact>
   <id>852227</id>
   <label>Keep ci_app</label>
   <sharedArtifact>true</sharedArtifact>
   <globallyStored>false</globallyStored>
   <type>com.atlassian.bamboo.plugin.artifact.handler.local:ServerLocalArtifactHandler</type>
   <size>95492</size>
   <planResultKey>APP-TEST3-4</planResultKey>
  </artifact>
  <artifact>
   <id>852228</id>
   <label>Keep backend</label>
   <sharedArtifact>true</sharedArtifact>
   <globallyStored>false</globallyStored>
   <type>com.atlassian.bamboo.plugin.artifact.handler.local:ServerLocalArtifactHandler</type>
   <size>6653675</size>
   <planResultKey>APP-TEST3-4</planResultKey>
  </artifact>
  <artifact>
   <id>852229</id>
   <label>Keep app</label>
   <sharedArtifact>true</sharedArtifact>
   <globallyStored>false</globallyStored>
   <type>com.atlassian.bamboo.plugin.artifact.handler.local:ServerLocalArtifactHandler</type>
   <size>1923475</size>
   <planResultKey>APP-TEST3-4</planResultKey>
  </artifact>
  <artifact>
   <id>1245185</id>
   <label>Keep ci_app</label>
   <sharedArtifact>true</sharedArtifact>
   <globallyStored>false</globallyStored>
   <type>com.atlassian.bamboo.plugin.artifact.handler.local:ServerLocalArtifactHandler</type>
   <size>95492</size>
   <planResultKey>APP-TEST0-22</planResultKey>
  </artifact>
  <artifact>
   <id>1245186</id>
   <label>Keep backend</label>
   <sharedArtifact>true</sharedArtifact>
   <globallyStored>false</globallyStored>
   <type>com.atlassian.bamboo.plugin.artifact.handler.local:ServerLocalArtifactHandler</type>
   <size>6654739</size>
   <planResultKey>APP-TEST0-22</planResultKey>
  </artifact>
  <artifact>
   <id>1245187</id>
   <label>Keep app</label>
   <sharedArtifact>true</sharedArtifact>
   <globallyStored>false</globallyStored>
   <type>com.atlassian.bamboo.plugin.artifact.handler.local:ServerLocalArtifactHandler</type>
   <size>1923475</size>
   <planResultKey>APP-TEST0-22</planResultKey>
  </artifact>
  <artifact>
   <id>1245188</id>
   <label>Keep ci_app</label>
   <sharedArtifact>true</sharedArtifact>
   <globallyStored>false</globallyStored>
   <type>com.atlassian.bamboo.plugin.artifact.handler.local:ServerLocalArtifactHandler</type>
   <size>95492</size>
   <planResultKey>APP-TEST4-1</planResultKey>
  </artifact>
  <artifact>
   <id>1245189</id>
   <label>Keep backend</label>
   <sharedArtifact>true</sharedArtifact>
   <globallyStored>false</globallyStored>
   <type>com.atlassian.bamboo.plugin.artifact.handler.local:ServerLocalArtifactHandler</type>
   <size>6653599</size>
   <planResultKey>APP-TEST4-1</planResultKey>
  </artifact>
  <artifact>
   <id>1245190</id>
   <label>Keep app</label>
   <sharedArtifact>true</sharedArtifact>
   <globallyStored>false</globallyStored>
   <type>com.atlassian.bamboo.plugin.artifact.handler.local:ServerLocalArtifactHandler</type>
   <size>1923475</size>
   <planResultKey>APP-TEST4-1</planResultKey>
  </artifact>
 </artifacts>
</bamboo>