<?xml version='1.1' encoding='UTF-8' standalone='yes'?>
<bamboo>
 <date>Mon Dec 29 15:33:32 CST 2014</date>
 <version>5.7.1</version>
 <buildDate>24-Nov-2014</buildDate>
 <build>5715</build>
 <serverID>B5L5-MUNR-UV90-BR71</serverID>
 <authors>
  <author>
   <id>917505</id>
   <name>Richard Wong &lt;chao787@gmail.com></name>
   <email>chao787@gmail.com</email>
  </author>
  <author>
   <id>917506</id>
   <name>Konrad Wojas &lt;github@m.wojas.nl></name>
   <email>github@m.wojas.nl</email>
  </author>
  <author>
   <id>917507</id>
   <name>Yang Bo &lt;yangbohnzz@gmail.com></name>
   <email>yangbohnzz@gmail.com</email>
  </author>
  <author>
   <id>917508</id>
   <name>Fantix King &lt;fantix@micai.asia></name>
   <email>fantix@micai.asia</email>
  </author>
  <author>
   <id>917509</id>
   <name>mihaigociu &lt;mihai@bits4.net></name>
   <email>mihai@bits4.net</email>
  </author>
  <author>
   <id>917510</id>
   <name>Daniel Hjelm &lt;daniel@micai.asia></name>
   <email>daniel@micai.asia</email>
  </author>
  <author>
   <id>917511</id>
   <name>wojas &lt;bitbucket@m.wojas.nl></name>
   <email>bitbucket@m.wojas.nl</email>
  </author>
  <author>
   <id>917512</id>
   <name>Yang Bo &lt;yangbo@micai.asia></name>
   <email>yangbo@micai.asia</email>
  </author>
  <author>
   <id>917513</id>
   <name>Gary Yang &lt;garyyang@Gary.lan.micai.asia></name>
   <email>garyyang@Gary.lan.micai.asia</email>
  </author>
  <author>
   <id>1703937</id>
   <name>Fantix King &lt;fantix.king@gmail.com></name>
   <email>fantix.king@gmail.com</email>
  </author>
 </authors>
</bamboo>