<?xml version='1.1' encoding='UTF-8' standalone='yes'?>
<bamboo>
 <date>Mon Dec 29 15:33:32 CST 2014</date>
 <version>5.7.1</version>
 <buildDate>24-Nov-2014</buildDate>
 <build>5715</build>
 <serverID>B5L5-MUNR-UV90-BR71</serverID>
 <bandanaItems>
  <bandanaItem>
   <buildId>0</buildId>
   <key>bamboo.plugin.state</key>
   <serializedData>&lt;com.atlassian.plugin.manager.DefaultPluginPersistentState>
  &lt;map class="java.util.Collections$UnmodifiableMap">
    &lt;m/>
  &lt;/map>
&lt;/com.atlassian.plugin.manager.DefaultPluginPersistentState></serializedData>
  </bandanaItem>
  <bandanaItem>
   <buildId>0</buildId>
   <key>com.atlassian.upm:notifications:notification-evaluation.expired</key>
   <serializedData>&lt;net.sf.hibernate.collection.Bag/></serializedData>
  </bandanaItem>
  <bandanaItem>
   <buildId>0</buildId>
   <key>com.atlassian.upm.log.PluginSettingsAuditLogService:log:upm_audit_log_v3</key>
   <serializedData>&lt;net.sf.hibernate.collection.Bag>
  &lt;string>{&amp;quot;userKey&amp;quot;:&amp;quot;Bamboo&amp;quot;,&amp;quot;date&amp;quot;:1418555846195,&amp;quot;i18nKey&amp;quot;:&amp;quot;upm.auditLog.upm.startup&amp;quot;,&amp;quot;entryType&amp;quot;:&amp;quot;UPM_STARTUP&amp;quot;,&amp;quot;params&amp;quot;:[]}&lt;/string>
  &lt;string>{&amp;quot;userKey&amp;quot;:&amp;quot;Bamboo&amp;quot;,&amp;quot;date&amp;quot;:1418099162163,&amp;quot;i18nKey&amp;quot;:&amp;quot;upm.auditLog.upm.startup&amp;quot;,&amp;quot;entryType&amp;quot;:&amp;quot;UPM_STARTUP&amp;quot;,&amp;quot;params&amp;quot;:[]}&lt;/string>
&lt;/net.sf.hibernate.collection.Bag></serializedData>
  </bandanaItem>
  <bandanaItem>
   <buildId>0</buildId>
   <key>com.atlassian.plugins.custom_apps.hasCustomOrder</key>
   <serializedData>&lt;string>false&lt;/string></serializedData>
  </bandanaItem>
  <bandanaItem>
   <buildId>0</buildId>
   <key>com.atlassian.plugins.atlassian-nav-links-plugin:build</key>
   <serializedData>&lt;string>1&lt;/string></serializedData>
  </bandanaItem>
  <bandanaItem>
   <buildId>0</buildId>
   <key>com.atlassian.bamboo.plugins.tomcat.bamboo-tomcat-plugin:build</key>
   <serializedData>&lt;string>11&lt;/string></serializedData>
  </bandanaItem>
  <bandanaItem>
   <buildId>0</buildId>
   <key>com.atlassian.bamboo.plugins.bamboo-scp-plugin:build</key>
   <serializedData>&lt;string>2&lt;/string></serializedData>
  </bandanaItem>
  <bandanaItem>
   <buildId>0</buildId>
   <key>com.atlassian.upm.mail.impl.PluginSettingsUserEmailSettingsStore:use78b9c0b572719a68385340a04c056a94</key>
   <serializedData>&lt;net.sf.hibernate.collection.Bag/></serializedData>
  </bandanaItem>
  <bandanaItem>
   <buildId>0</buildId>
   <key>com.atlassian.upm:notifications:dismissal-plugin.request</key>
   <serializedData>&lt;net.sf.hibernate.collection.Bag/></serializedData>
  </bandanaItem>
  <bandanaItem>
   <buildId>0</buildId>
   <key>com.atlassian.upm:notifications:dismissal-evaluation.expired</key>
   <serializedData>&lt;net.sf.hibernate.collection.Bag/></serializedData>
  </bandanaItem>
  <bandanaItem>
   <buildId>0</buildId>
   <key>com.atlassian.upm:notifications:dismissal-edition.mismatch</key>
   <serializedData>&lt;net.sf.hibernate.collection.Bag/></serializedData>
  </bandanaItem>
  <bandanaItem>
   <buildId>0</buildId>
   <key>com.atlassian.upm:notifications:dismissal-maintenance.expired</key>
   <serializedData>&lt;net.sf.hibernate.collection.Bag/></serializedData>
  </bandanaItem>
  <bandanaItem>
   <buildId>0</buildId>
   <key>com.atlassian.upm:notifications:dismissal-new.licenses</key>
   <serializedData>&lt;net.sf.hibernate.collection.Bag/></serializedData>
  </bandanaItem>
  <bandanaItem>
   <buildId>0</buildId>
   <key>com.atlassian.upm:notifications:dismissal-updated.licenses</key>
   <serializedData>&lt;net.sf.hibernate.collection.Bag/></serializedData>
  </bandanaItem>
  <bandanaItem>
   <buildId>0</buildId>
   <key>com.atlassian.upm:notifications:dismissal-auto.updated.plugin</key>
   <serializedData>&lt;net.sf.hibernate.collection.Bag/></serializedData>
  </bandanaItem>
  <bandanaItem>
   <buildId>0</buildId>
   <key>com.atlassian.upm:notifications:dismissal-auto.updated.upm</key>
   <serializedData>&lt;net.sf.hibernate.collection.Bag/></serializedData>
  </bandanaItem>
  <bandanaItem>
   <buildId>0</buildId>
   <key>com.atlassian.upm.request.PluginSettingsPluginRequestStore:requests:requests_v2</key>
   <serializedData>&lt;net.sf.hibernate.collection.Bag/></serializedData>
  </bandanaItem>
  <bandanaItem>
   <buildId>0</buildId>
   <key>com.atlassian.upm:notifications:notification-evaluation.nearlyexpired</key>
   <serializedData>&lt;net.sf.hibernate.collection.Bag/></serializedData>
  </bandanaItem>
  <bandanaItem>
   <buildId>0</buildId>
   <key>com.atlassian.upm.atlassian-universal-plugin-manager-plugin:build</key>
   <serializedData>&lt;string>3&lt;/string></serializedData>
  </bandanaItem>
  <bandanaItem>
   <buildId>0</buildId>
   <key>com.atlassian.upm:notifications:notification-edition.mismatch</key>
   <serializedData>&lt;net.sf.hibernate.collection.Bag/></serializedData>
  </bandanaItem>
  <bandanaItem>
   <buildId>0</buildId>
   <key>com.atlassian.upm:notifications:notification-plugin.request</key>
   <serializedData>&lt;net.sf.hibernate.collection.Bag/></serializedData>
  </bandanaItem>
  <bandanaItem>
   <buildId>0</buildId>
   <key>com.atlassian.upm:notifications:notification-maintenance.expired</key>
   <serializedData>&lt;net.sf.hibernate.collection.Bag/></serializedData>
  </bandanaItem>
  <bandanaItem>
   <buildId>0</buildId>
   <key>com.atlassian.upm:notifications:notification-maintenance.nearlyexpired</key>
   <serializedData>&lt;net.sf.hibernate.collection.Bag/></serializedData>
  </bandanaItem>
  <bandanaItem>
   <buildId>0</buildId>
   <key>expiry.build.successful</key>
   <serializedData>&lt;boolean>true&lt;/boolean></serializedData>
  </bandanaItem>
  <bandanaItem>
   <buildId>0</buildId>
   <key>com.atlassian.upm:notifications:notification-update</key>
   <serializedData>&lt;net.sf.hibernate.collection.Bag>
  &lt;string>com.atlassian.bamboo.plugins.bamboo-nodejs-plugin&lt;/string>
&lt;/net.sf.hibernate.collection.Bag></serializedData>
  </bandanaItem>
  <bandanaItem>
   <buildId>393217</buildId>
   <key>bamboo.chain.branch.next.key</key>
   <serializedData>&lt;long>7&lt;/long></serializedData>
  </bandanaItem>
  <bandanaItem>
   <buildId>0</buildId>
   <key>expiry.build.lastRun</key>
   <serializedData>&lt;date>1419782400001&lt;/date></serializedData>
  </bandanaItem>
  <bandanaItem>
   <buildId>0</buildId>
   <key>expiry.build.lastFinished</key>
   <serializedData>&lt;date>1419782400112&lt;/date></serializedData>
  </bandanaItem>
  <bandanaItem>
   <buildId>0</buildId>
   <key>com.atlassian.activeobjects.admin.ActiveObjectsPluginToTablesMapping</key>
   <serializedData>&lt;string>{&amp;quot;AO_7A45FB_AOTRACKING_USER&amp;quot;:{&amp;quot;key&amp;quot;:&amp;quot;com.atlassian.bamboo.brokenbuildtracker&amp;quot;,&amp;quot;name&amp;quot;:&amp;quot;Broken Build Responsibility Tracker&amp;quot;,&amp;quot;version&amp;quot;:&amp;quot;5.7.1&amp;quot;,&amp;quot;vendorName&amp;quot;:&amp;quot;Atlassian Software Systems Pty Ltd&amp;quot;,&amp;quot;vendorUrl&amp;quot;:&amp;quot;http://www.atlassian.com&amp;quot;},&amp;quot;AO_38321B_CUSTOM_CONTENT_LINK&amp;quot;:{&amp;quot;key&amp;quot;:&amp;quot;com.atlassian.plugins.atlassian-nav-links-plugin&amp;quot;,&amp;quot;name&amp;quot;:&amp;quot;Atlassian Navigation Links Plugin&amp;quot;,&amp;quot;version&amp;quot;:&amp;quot;3.3.9&amp;quot;,&amp;quot;vendorName&amp;quot;:&amp;quot;Atlassian&amp;quot;,&amp;quot;vendorUrl&amp;quot;:&amp;quot;http://www.atlassian.com/&amp;quot;},&amp;quot;AO_7A45FB_AOTRACKING_RESULT&amp;quot;:{&amp;quot;key&amp;quot;:&amp;quot;com.atlassian.bamboo.brokenbuildtracker&amp;quot;,&amp;quot;name&amp;quot;:&amp;quot;Broken Build Responsibility Tracker&amp;quot;,&amp;quot;version&amp;quot;:&amp;quot;5.7.1&amp;quot;,&amp;quot;vendorName&amp;quot;:&amp;quot;Atlassian Software Systems Pty Ltd&amp;quot;,&amp;quot;vendorUrl&amp;quot;:&amp;quot;http://www.atlassian.com&amp;quot;},&amp;quot;AO_7A45FB_AOTRACKING_ENTRY&amp;quot;:{&amp;quot;key&amp;quot;:&amp;quot;com.atlassian.bamboo.brokenbuildtracker&amp;quot;,&amp;quot;name&amp;quot;:&amp;quot;Broken Build Responsibility Tracker&amp;quot;,&amp;quot;version&amp;quot;:&amp;quot;5.7.1&amp;quot;,&amp;quot;vendorName&amp;quot;:&amp;quot;Atlassian Software Systems Pty Ltd&amp;quot;,&amp;quot;vendorUrl&amp;quot;:&amp;quot;http://www.atlassian.com&amp;quot;},&amp;quot;AO_A0B856_WEB_HOOK_LISTENER_AO&amp;quot;:{&amp;quot;key&amp;quot;:&amp;quot;com.atlassian.webhooks.atlassian-webhooks-plugin&amp;quot;,&amp;quot;name&amp;quot;:&amp;quot;Atlassian WebHooks Plugin&amp;quot;,&amp;quot;version&amp;quot;:&amp;quot;0.17.6&amp;quot;,&amp;quot;vendorName&amp;quot;:&amp;quot;Atlassian&amp;quot;,&amp;quot;vendorUrl&amp;quot;:&amp;quot;http://www.atlassian.com/&amp;quot;}}&lt;/string></serializedData>
  </bandanaItem>
 </bandanaItems>
</bamboo>