<?xml version='1.1' encoding='UTF-8' standalone='yes'?>
<bamboo>
 <date>Mon Dec 29 15:33:32 CST 2014</date>
 <version>5.7.1</version>
 <buildDate>24-Nov-2014</buildDate>
 <build>5715</build>
 <serverID>B5L5-MUNR-UV90-BR71</serverID>
 <localUsers>
  <localUser>
   <id>1</id>
   <name>mcitadm</name>
   <password>{PKCS5S2}Gqv/xTy4vyW2n5+R1NU/Mlz7tfDOw6viBiXy/zYHDx6YaNiQMKOxPQvh066bI2uf</password>
   <fullName>mcitadm</fullName>
   <email>ops@micai.asia</email>
  </localUser>
 </localUsers>
</bamboo>