<?xml version='1.1' encoding='UTF-8' standalone='yes'?>
<bamboo>
 <date>Mon Dec 29 15:33:32 CST 2014</date>
 <version>5.7.1</version>
 <buildDate>24-Nov-2014</buildDate>
 <build>5715</build>
 <serverID>B5L5-MUNR-UV90-BR71</serverID>
 <loginInfos>
  <loginInfo>
   <userName>admin</userName>
   <authCount>9</authCount>
   <authTimestamp>1419350400000</authTimestamp>
  </loginInfo>
  <loginInfo>
   <userName>tomcat</userName>
   <authCount>8</authCount>
   <authTimestamp>1419350400000</authTimestamp>
  </loginInfo>
  <loginInfo>
   <userName>root</userName>
   <authCount>9</authCount>
   <authTimestamp>1419350400000</authTimestamp>
  </loginInfo>
  <loginInfo>
   <userName>user</userName>
   <authCount>9</authCount>
   <authTimestamp>1419350400000</authTimestamp>
  </loginInfo>
 </loginInfos>
</bamboo>