<?xml version='1.1' encoding='UTF-8' standalone='yes'?>
<bamboo>
 <date>Mon Dec 29 15:33:32 CST 2014</date>
 <version>5.7.1</version>
 <buildDate>24-Nov-2014</buildDate>
 <build>5715</build>
 <serverID>B5L5-MUNR-UV90-BR71</serverID>
 <pipelines>
  <pipeline>
   <id>131073</id>
   <creationDate>portable AD 2014-12-09 12:25:30.035 +0800</creationDate>
   <modificationDate>portable AD 2014-12-09 12:25:30.035 +0800</modificationDate>
   <type>LOCAL</type>
   <name>Default Agent</name>
   <enabled>true</enabled>
   <capabilities/>
  </pipeline>
 </pipelines>
</bamboo>