<?xml version='1.1' encoding='UTF-8' standalone='yes'?>
<bamboo>
 <date>Mon Dec 29 15:33:32 CST 2014</date>
 <version>5.7.1</version>
 <buildDate>24-Nov-2014</buildDate>
 <build>5715</build>
 <serverID>B5L5-MUNR-UV90-BR71</serverID>
 <planRepositories>
  <planRepository>
   <id>491521</id>
   <plan>APP-TEST</plan>
   <repositoryDefinition>327681</repositoryDefinition>
   <position>0</position>
   <buildTrigger>false</buildTrigger>
  </planRepository>
  <planRepository>
   <id>491522</id>
   <plan>APP-TEST</plan>
   <repositoryDefinition>327682</repositoryDefinition>
   <position>1</position>
   <buildTrigger>false</buildTrigger>
  </planRepository>
  <planRepository>
   <id>491523</id>
   <plan>APP-TEST</plan>
   <repositoryDefinition>327683</repositoryDefinition>
   <position>2</position>
   <buildTrigger>false</buildTrigger>
  </planRepository>
  <planRepository>
   <id>491524</id>
   <plan>APP-TEST</plan>
   <repositoryDefinition>327684</repositoryDefinition>
   <position>3</position>
   <buildTrigger>false</buildTrigger>
  </planRepository>
  <planRepository>
   <id>491525</id>
   <plan>APP-TEST</plan>
   <repositoryDefinition>327685</repositoryDefinition>
   <position>4</position>
   <buildTrigger>false</buildTrigger>
  </planRepository>
  <planRepository>
   <id>491526</id>
   <plan>APP-TEST0</plan>
   <repositoryDefinition>327686</repositoryDefinition>
   <position>0</position>
   <buildTrigger>false</buildTrigger>
  </planRepository>
  <planRepository>
   <id>491527</id>
   <plan>APP-TEST1</plan>
   <repositoryDefinition>327687</repositoryDefinition>
   <position>0</position>
   <buildTrigger>false</buildTrigger>
  </planRepository>
  <planRepository>
   <id>491528</id>
   <plan>APP-TEST2</plan>
   <repositoryDefinition>327688</repositoryDefinition>
   <position>0</position>
   <buildTrigger>false</buildTrigger>
  </planRepository>
  <planRepository>
   <id>491529</id>
   <plan>APP-TEST3</plan>
   <repositoryDefinition>327689</repositoryDefinition>
   <position>0</position>
   <buildTrigger>false</buildTrigger>
  </planRepository>
  <planRepository>
   <id>1540097</id>
   <plan>APP-TEST4</plan>
   <repositoryDefinition>1507329</repositoryDefinition>
   <position>0</position>
   <buildTrigger>false</buildTrigger>
  </planRepository>
  <planRepository>
   <id>1540098</id>
   <plan>APP-TEST5</plan>
   <repositoryDefinition>1507330</repositoryDefinition>
   <position>0</position>
   <buildTrigger>false</buildTrigger>
  </planRepository>
  <planRepository>
   <id>1540099</id>
   <plan>APP-TEST6</plan>
   <repositoryDefinition>1507331</repositoryDefinition>
   <position>0</position>
   <buildTrigger>false</buildTrigger>
  </planRepository>
 </planRepositories>
</bamboo>