<?xml version='1.1' encoding='UTF-8' standalone='yes'?>
<bamboo>
 <date>Mon Dec 29 15:33:32 CST 2014</date>
 <version>5.7.1</version>
 <buildDate>24-Nov-2014</buildDate>
 <build>5715</build>
 <serverID>B5L5-MUNR-UV90-BR71</serverID>
 <projects>
  <project>
   <id>360449</id>
   <creationDate>portable AD 2014-12-09 18:22:32.733 +0800</creationDate>
   <modificationDate>portable AD 2014-12-09 18:22:32.733 +0800</modificationDate>
   <key>APP</key>
   <name>App</name>
   <subplans>
    <subplan>
     <id>393219</id>
     <creationDate>portable AD 2014-12-09 19:23:02.619 +0800</creationDate>
     <modificationDate>portable AD 2014-12-10 14:56:19.759 +0800</modificationDate>
     <key>APP-TEST-JOB1</key>
     <buildKey>JOB1</buildKey>
     <buildName>Get dependencies</buildName>
     <firstBuildNumber>1</firstBuildNumber>
     <lastBuildNumber>23</lastBuildNumber>
     <nextBuildNumber>24</nextBuildNumber>
     <suspendedFromBuilding>false</suspendedFromBuilding>
     <definition>
      <id>458755</id>
      <xml><![CDATA[<?xml version="1.0" encoding="UTF-8" standalone="no"?>
<configuration xml:space="preserve">
  <isMergedConfiguration>false</isMergedConfiguration>
  <cleanWorkingDirectory>false</cleanWorkingDirectory>
  <repositoryDefiningWorkingDirectory>-1</repositoryDefiningWorkingDirectory>
  <buildTasks>
    <taskDefinition>
      <id>1</id>
      <userDescription>Checkout repos</userDescription>
      <isEnabled>true</isEnabled>
      <pluginKey>com.atlassian.bamboo.plugins.vcs:task.vcs.checkout</pluginKey>
      <finalising>false</finalising>
      <rootDirectoryType>INHERITED</rootDirectoryType>
      <repositoryDefiningWorkingDir>-1</repositoryDefiningWorkingDir>
      <config>
        <item>
          <key>selectedRepository_0</key>
          <value>327681</value>
        </item>
        <item>
          <key>selectedRepository_1</key>
          <value>327682</value>
        </item>
        <item>
          <key>checkoutDir_4</key>
          <value>fixprotocol</value>
        </item>
        <item>
          <key>selectedRepository_4</key>
          <value>327685</value>
        </item>
        <item>
          <key>checkoutDir_2</key>
          <value>ci_app</value>
        </item>
        <item>
          <key>checkoutDir_3</key>
          <value>fixr</value>
        </item>
        <item>
          <key>cleanCheckout</key>
          <value/>
        </item>
        <item>
          <key>selectedRepository_2</key>
          <value>327683</value>
        </item>
        <item>
          <key>checkoutDir_0</key>
          <value>backend</value>
        </item>
        <item>
          <key>selectedRepository_3</key>
          <value>327684</value>
        </item>
        <item>
          <key>checkoutDir_1</key>
          <value>app</value>
        </item>
      </config>
    </taskDefinition>
    <taskDefinition>
      <id>2</id>
      <userDescription>Build dependencies</userDescription>
      <isEnabled>true</isEnabled>
      <pluginKey>com.atlassian.bamboo.plugins.scripttask:task.builder.script</pluginKey>
      <finalising>false</finalising>
      <rootDirectoryType>INHERITED</rootDirectoryType>
      <repositoryDefiningWorkingDir>-1</repositoryDefiningWorkingDir>
      <config>
        <item>
          <key>argument</key>
          <value/>
        </item>
        <item>
          <key>scriptBody</key>
          <value>pwd
set
bash ./activate-dev.sh
bash ./start-buildcache.sh || (echo "Sleep and try again"; sleep 10; bash ./start-buildcache.sh)

ls

#echo "Docker cleanup"
#bash ./docker-cleanup.sh

fig -f fig.bamboo.yml stop
fig -f fig.bamboo.yml rm --force

# These are now done in later stages

#fig -f fig.bamboo.yml build

#if [ ! -d ../out ]; then mkdir ../out ; fi
#echo "Running backend tests.."
#fig -f fig.bamboo.yml run backend test
#ls -l ../out/</value>
        </item>
        <item>
          <key>runWithPowershell</key>
          <value/>
        </item>
        <item>
          <key>workingSubDirectory</key>
          <value>ci_app</value>
        </item>
        <item>
          <key>script</key>
          <value/>
        </item>
        <item>
          <key>environmentVariables</key>
          <value/>
        </item>
        <item>
          <key>scriptLocation</key>
          <value>INLINE</value>
        </item>
      </config>
    </taskDefinition>
  </buildTasks>
  <buildStrategies>
    <defined>true</defined>
  </buildStrategies>
  <branches>
    <monitoringEnabled>false</monitoringEnabled>
    <matchingPattern/>
    <inactivityInDays>30</inactivityInDays>
    <defaultNotificationStrategy>notifyCommitters</defaultNotificationStrategy>
    <issueLinking>true</issueLinking>
    <monitorPullRequests>false</monitorPullRequests>
  </branches>
  <branches>
    <defaultBranchIntegration>
      <enabled>false</enabled>
    </defaultBranchIntegration>
  </branches>
  <branchIntegration>
    <enabled>false</enabled>
  </branchIntegration>
  <branchConfiguration>
    <cleanup>
      <disabled>false</disabled>
    </cleanup>
    <notificationStrategy>notifyCommitters</notificationStrategy>
  </branchConfiguration>
  <bambooDelimiterParsingDisabled>true</bambooDelimiterParsingDisabled>
</configuration>
]]></xml>
     </definition>
     <requirementSet>
      <id>557058</id>
     </requirementSet>
    </subplan>
   </subplans>
   <subplans>
    <subplan>
     <id>393222</id>
     <creationDate>portable AD 2014-12-09 19:37:19.352 +0800</creationDate>
     <modificationDate>portable AD 2014-12-10 14:56:30.197 +0800</modificationDate>
     <key>APP-TEST-BB</key>
     <buildKey>BB</buildKey>
     <buildName>Build backend</buildName>
     <firstBuildNumber>1</firstBuildNumber>
     <lastBuildNumber>23</lastBuildNumber>
     <nextBuildNumber>24</nextBuildNumber>
     <suspendedFromBuilding>false</suspendedFromBuilding>
     <definition>
      <id>458758</id>
      <xml><![CDATA[<?xml version="1.0" encoding="UTF-8" standalone="no"?>
<configuration xml:space="preserve">
  <isMergedConfiguration>false</isMergedConfiguration>
  <cleanWorkingDirectory>false</cleanWorkingDirectory>
  <repositoryDefiningWorkingDirectory>-1</repositoryDefiningWorkingDirectory>
  <buildTasks>
    <taskDefinition>
      <id>1</id>
      <userDescription>Checkout backend</userDescription>
      <isEnabled>true</isEnabled>
      <pluginKey>com.atlassian.bamboo.plugins.vcs:task.vcs.checkout</pluginKey>
      <finalising>false</finalising>
      <rootDirectoryType>INHERITED</rootDirectoryType>
      <repositoryDefiningWorkingDir>-1</repositoryDefiningWorkingDir>
      <config>
        <item>
          <key>selectedRepository_0</key>
          <value>327681</value>
        </item>
        <item>
          <key>selectedRepository_1</key>
          <value>327683</value>
        </item>
        <item>
          <key>cleanCheckout</key>
          <value/>
        </item>
        <item>
          <key>checkoutDir_0</key>
          <value>backend/</value>
        </item>
        <item>
          <key>checkoutDir_1</key>
          <value>ci_app</value>
        </item>
      </config>
    </taskDefinition>
    <taskDefinition>
      <id>2</id>
      <userDescription>Build backend</userDescription>
      <isEnabled>true</isEnabled>
      <pluginKey>com.atlassian.bamboo.plugins.scripttask:task.builder.script</pluginKey>
      <finalising>false</finalising>
      <rootDirectoryType>INHERITED</rootDirectoryType>
      <repositoryDefiningWorkingDir>-1</repositoryDefiningWorkingDir>
      <config>
        <item>
          <key>argument</key>
          <value/>
        </item>
        <item>
          <key>scriptBody</key>
          <value>pwd
chmod 755 location-magic
LOCATION=global bash ./activate-dev.sh
bash ./start-buildcache.sh
ls
fig -f fig.bamboo.yml build backend || (echo "Sleep and try again"; sleep 10; fig -f fig.bamboo.yml build backend)</value>
        </item>
        <item>
          <key>runWithPowershell</key>
          <value/>
        </item>
        <item>
          <key>workingSubDirectory</key>
          <value>ci_app</value>
        </item>
        <item>
          <key>script</key>
          <value/>
        </item>
        <item>
          <key>environmentVariables</key>
          <value/>
        </item>
        <item>
          <key>scriptLocation</key>
          <value>INLINE</value>
        </item>
      </config>
    </taskDefinition>
  </buildTasks>
  <buildStrategies>
    <defined>true</defined>
  </buildStrategies>
  <branches>
    <monitoringEnabled>false</monitoringEnabled>
    <matchingPattern/>
    <inactivityInDays>30</inactivityInDays>
    <defaultNotificationStrategy>notifyCommitters</defaultNotificationStrategy>
    <issueLinking>true</issueLinking>
    <monitorPullRequests>false</monitorPullRequests>
  </branches>
  <branches>
    <defaultBranchIntegration>
      <enabled>false</enabled>
    </defaultBranchIntegration>
  </branches>
  <branchIntegration>
    <enabled>false</enabled>
  </branchIntegration>
  <branchConfiguration>
    <cleanup>
      <disabled>false</disabled>
    </cleanup>
    <notificationStrategy>notifyCommitters</notificationStrategy>
  </branchConfiguration>
  <bambooDelimiterParsingDisabled>true</bambooDelimiterParsingDisabled>
</configuration>
]]></xml>
     </definition>
     <requirementSet>
      <id>557061</id>
     </requirementSet>
    </subplan>
    <subplan>
     <id>393223</id>
     <creationDate>portable AD 2014-12-09 19:40:48.042 +0800</creationDate>
     <modificationDate>portable AD 2014-12-10 14:56:34.882 +0800</modificationDate>
     <key>APP-TEST-BP</key>
     <buildKey>BP</buildKey>
     <buildName>Build postgres</buildName>
     <firstBuildNumber>1</firstBuildNumber>
     <lastBuildNumber>23</lastBuildNumber>
     <nextBuildNumber>24</nextBuildNumber>
     <suspendedFromBuilding>false</suspendedFromBuilding>
     <definition>
      <id>458759</id>
      <xml><![CDATA[<?xml version="1.0" encoding="UTF-8" standalone="no"?>
<configuration xml:space="preserve">
  <isMergedConfiguration>false</isMergedConfiguration>
  <cleanWorkingDirectory>false</cleanWorkingDirectory>
  <repositoryDefiningWorkingDirectory>-1</repositoryDefiningWorkingDirectory>
  <buildTasks>
    <taskDefinition>
      <id>1</id>
      <userDescription>Checkout postgres</userDescription>
      <isEnabled>true</isEnabled>
      <pluginKey>com.atlassian.bamboo.plugins.vcs:task.vcs.checkout</pluginKey>
      <finalising>false</finalising>
      <rootDirectoryType>INHERITED</rootDirectoryType>
      <repositoryDefiningWorkingDir>-1</repositoryDefiningWorkingDir>
      <config>
        <item>
          <key>selectedRepository_0</key>
          <value>327683</value>
        </item>
        <item>
          <key>cleanCheckout</key>
          <value/>
        </item>
        <item>
          <key>checkoutDir_0</key>
          <value>ci_app</value>
        </item>
      </config>
    </taskDefinition>
    <taskDefinition>
      <id>2</id>
      <userDescription>Build postgres</userDescription>
      <isEnabled>true</isEnabled>
      <pluginKey>com.atlassian.bamboo.plugins.scripttask:task.builder.script</pluginKey>
      <finalising>false</finalising>
      <rootDirectoryType>INHERITED</rootDirectoryType>
      <repositoryDefiningWorkingDir>-1</repositoryDefiningWorkingDir>
      <config>
        <item>
          <key>argument</key>
          <value/>
        </item>
        <item>
          <key>scriptBody</key>
          <value>pwd
LOCATION=global  bash ./activate-dev.sh
bash ./start-buildcache.sh
ls
fig -f fig.bamboo.yml build postgres || (echo "Sleep and try again"; sleep 10; fig -f fig.bamboo.yml build postgres)</value>
        </item>
        <item>
          <key>runWithPowershell</key>
          <value/>
        </item>
        <item>
          <key>workingSubDirectory</key>
          <value>ci_app</value>
        </item>
        <item>
          <key>script</key>
          <value/>
        </item>
        <item>
          <key>environmentVariables</key>
          <value/>
        </item>
        <item>
          <key>scriptLocation</key>
          <value>INLINE</value>
        </item>
      </config>
    </taskDefinition>
  </buildTasks>
  <buildStrategies>
    <defined>true</defined>
  </buildStrategies>
  <branches>
    <monitoringEnabled>false</monitoringEnabled>
    <matchingPattern/>
    <inactivityInDays>30</inactivityInDays>
    <defaultNotificationStrategy>notifyCommitters</defaultNotificationStrategy>
    <issueLinking>true</issueLinking>
    <monitorPullRequests>false</monitorPullRequests>
  </branches>
  <branches>
    <defaultBranchIntegration>
      <enabled>false</enabled>
    </defaultBranchIntegration>
  </branches>
  <branchIntegration>
    <enabled>false</enabled>
  </branchIntegration>
  <branchConfiguration>
    <cleanup>
      <disabled>false</disabled>
    </cleanup>
    <notificationStrategy>notifyCommitters</notificationStrategy>
  </branchConfiguration>
  <bambooDelimiterParsingDisabled>true</bambooDelimiterParsingDisabled>
</configuration>
]]></xml>
     </definition>
     <requirementSet>
      <id>557062</id>
     </requirementSet>
    </subplan>
    <subplan>
     <id>393221</id>
     <creationDate>portable AD 2014-12-09 19:33:29.164 +0800</creationDate>
     <modificationDate>portable AD 2014-12-10 14:56:25.442 +0800</modificationDate>
     <key>APP-TEST-BA</key>
     <buildKey>BA</buildKey>
     <buildName>Build app</buildName>
     <firstBuildNumber>1</firstBuildNumber>
     <lastBuildNumber>23</lastBuildNumber>
     <nextBuildNumber>24</nextBuildNumber>
     <suspendedFromBuilding>false</suspendedFromBuilding>
     <definition>
      <id>458757</id>
      <xml><![CDATA[<?xml version="1.0" encoding="UTF-8" standalone="no"?>
<configuration xml:space="preserve">
  <isMergedConfiguration>false</isMergedConfiguration>
  <cleanWorkingDirectory>false</cleanWorkingDirectory>
  <repositoryDefiningWorkingDirectory>-1</repositoryDefiningWorkingDirectory>
  <buildTasks>
    <taskDefinition>
      <id>1</id>
      <userDescription>Checkout app</userDescription>
      <isEnabled>true</isEnabled>
      <pluginKey>com.atlassian.bamboo.plugins.vcs:task.vcs.checkout</pluginKey>
      <finalising>false</finalising>
      <rootDirectoryType>INHERITED</rootDirectoryType>
      <repositoryDefiningWorkingDir>-1</repositoryDefiningWorkingDir>
      <config>
        <item>
          <key>selectedRepository_0</key>
          <value>327682</value>
        </item>
        <item>
          <key>selectedRepository_1</key>
          <value>327683</value>
        </item>
        <item>
          <key>cleanCheckout</key>
          <value/>
        </item>
        <item>
          <key>checkoutDir_0</key>
          <value>app/</value>
        </item>
        <item>
          <key>checkoutDir_1</key>
          <value>ci_app</value>
        </item>
      </config>
    </taskDefinition>
    <taskDefinition>
      <id>2</id>
      <userDescription>Build app</userDescription>
      <isEnabled>true</isEnabled>
      <pluginKey>com.atlassian.bamboo.plugins.scripttask:task.builder.script</pluginKey>
      <finalising>false</finalising>
      <rootDirectoryType>INHERITED</rootDirectoryType>
      <repositoryDefiningWorkingDir>-1</repositoryDefiningWorkingDir>
      <config>
        <item>
          <key>argument</key>
          <value/>
        </item>
        <item>
          <key>scriptBody</key>
          <value>pwd
bash ./sync-app-branch-to-backend.sh
chmod 755 location-magic
LOCATION=global bash ./activate-dev.sh
bash ./start-buildcache.sh
ls
fig -f fig.bamboo.yml build app || (echo "Sleep and try again"; sleep 10; fig -f fig.bamboo.yml build app)</value>
        </item>
        <item>
          <key>runWithPowershell</key>
          <value/>
        </item>
        <item>
          <key>workingSubDirectory</key>
          <value>ci_app</value>
        </item>
        <item>
          <key>script</key>
          <value/>
        </item>
        <item>
          <key>environmentVariables</key>
          <value/>
        </item>
        <item>
          <key>scriptLocation</key>
          <value>INLINE</value>
        </item>
      </config>
    </taskDefinition>
  </buildTasks>
  <buildStrategies>
    <defined>true</defined>
  </buildStrategies>
  <branches>
    <monitoringEnabled>false</monitoringEnabled>
    <matchingPattern/>
    <inactivityInDays>30</inactivityInDays>
    <defaultNotificationStrategy>notifyCommitters</defaultNotificationStrategy>
    <issueLinking>true</issueLinking>
    <monitorPullRequests>false</monitorPullRequests>
  </branches>
  <branches>
    <defaultBranchIntegration>
      <enabled>false</enabled>
    </defaultBranchIntegration>
  </branches>
  <branchIntegration>
    <enabled>false</enabled>
  </branchIntegration>
  <branchConfiguration>
    <cleanup>
      <disabled>false</disabled>
    </cleanup>
    <notificationStrategy>notifyCommitters</notificationStrategy>
  </branchConfiguration>
  <bambooDelimiterParsingDisabled>true</bambooDelimiterParsingDisabled>
</configuration>
]]></xml>
     </definition>
     <requirementSet>
      <id>557060</id>
     </requirementSet>
    </subplan>
   </subplans>
   <subplans>
    <subplan>
     <id>393224</id>
     <creationDate>portable AD 2014-12-09 19:43:15.911 +0800</creationDate>
     <modificationDate>portable AD 2014-12-10 14:56:39.170 +0800</modificationDate>
     <key>APP-TEST-TAK</key>
     <buildKey>TAK</buildKey>
     <buildName>Test app karma</buildName>
     <firstBuildNumber>1</firstBuildNumber>
     <lastBuildNumber>23</lastBuildNumber>
     <nextBuildNumber>24</nextBuildNumber>
     <suspendedFromBuilding>false</suspendedFromBuilding>
     <definition>
      <id>458760</id>
      <xml><![CDATA[<?xml version="1.0" encoding="UTF-8" standalone="no"?>
<configuration xml:space="preserve">
  <isMergedConfiguration>false</isMergedConfiguration>
  <cleanWorkingDirectory>false</cleanWorkingDirectory>
  <repositoryDefiningWorkingDirectory>-1</repositoryDefiningWorkingDirectory>
  <buildTasks>
    <taskDefinition>
      <id>1</id>
      <userDescription>Checkout karma</userDescription>
      <isEnabled>true</isEnabled>
      <pluginKey>com.atlassian.bamboo.plugins.vcs:task.vcs.checkout</pluginKey>
      <finalising>false</finalising>
      <rootDirectoryType>INHERITED</rootDirectoryType>
      <repositoryDefiningWorkingDir>-1</repositoryDefiningWorkingDir>
      <config>
        <item>
          <key>selectedRepository_0</key>
          <value>327683</value>
        </item>
        <item>
          <key>cleanCheckout</key>
          <value>true</value>
        </item>
        <item>
          <key>checkoutDir_0</key>
          <value>ci_app</value>
        </item>
      </config>
    </taskDefinition>
    <taskDefinition>
      <id>2</id>
      <userDescription>Run app tests</userDescription>
      <isEnabled>true</isEnabled>
      <pluginKey>com.atlassian.bamboo.plugins.scripttask:task.builder.script</pluginKey>
      <finalising>false</finalising>
      <rootDirectoryType>INHERITED</rootDirectoryType>
      <repositoryDefiningWorkingDir>-1</repositoryDefiningWorkingDir>
      <config>
        <item>
          <key>argument</key>
          <value/>
        </item>
        <item>
          <key>scriptBody</key>
          <value>LOCATION=global bash ./activate-dev.sh
mkdir ../out || echo 'out/ already exists'
echo "Sleep 5" # Debugging issues
sleep 5
echo "Running app tests.."

echo fig -f fig.bamboo.yml ps
fig -f fig.bamboo.yml ps

echo docker ps
docker ps

echo fig -f fig.bamboo.yml run app ./node_modules/.bin/karma start karma-config.js --single-run
fig -f fig.bamboo.yml run app ./node_modules/.bin/karma start karma-config.js --single-run

ls -l ../out/</value>
        </item>
        <item>
          <key>runWithPowershell</key>
          <value/>
        </item>
        <item>
          <key>script</key>
          <value/>
        </item>
        <item>
          <key>workingSubDirectory</key>
          <value>ci_app</value>
        </item>
        <item>
          <key>environmentVariables</key>
          <value/>
        </item>
        <item>
          <key>scriptLocation</key>
          <value>INLINE</value>
        </item>
      </config>
    </taskDefinition>
    <taskDefinition>
      <id>3</id>
      <userDescription>Show karma test results</userDescription>
      <isEnabled>true</isEnabled>
      <pluginKey>com.atlassian.bamboo.plugins.testresultparser:task.testresultparser.junit</pluginKey>
      <finalising>false</finalising>
      <rootDirectoryType>INHERITED</rootDirectoryType>
      <repositoryDefiningWorkingDir>-1</repositoryDefiningWorkingDir>
      <config>
        <item>
          <key>pickupOutdatedFiles</key>
          <value/>
        </item>
        <item>
          <key>testResultsDirectory</key>
          <value>out/karma-results.xml</value>
        </item>
      </config>
    </taskDefinition>
  </buildTasks>
  <buildStrategies>
    <defined>true</defined>
  </buildStrategies>
  <branches>
    <monitoringEnabled>false</monitoringEnabled>
    <matchingPattern/>
    <inactivityInDays>30</inactivityInDays>
    <defaultNotificationStrategy>notifyCommitters</defaultNotificationStrategy>
    <issueLinking>true</issueLinking>
    <monitorPullRequests>false</monitorPullRequests>
  </branches>
  <branches>
    <defaultBranchIntegration>
      <enabled>false</enabled>
    </defaultBranchIntegration>
  </branches>
  <branchIntegration>
    <enabled>false</enabled>
  </branchIntegration>
  <branchConfiguration>
    <cleanup>
      <disabled>false</disabled>
    </cleanup>
    <notificationStrategy>notifyCommitters</notificationStrategy>
  </branchConfiguration>
  <bambooDelimiterParsingDisabled>true</bambooDelimiterParsingDisabled>
</configuration>
]]></xml>
     </definition>
     <requirementSet>
      <id>557063</id>
     </requirementSet>
    </subplan>
    <subplan>
     <id>393225</id>
     <creationDate>portable AD 2014-12-09 19:45:40.044 +0800</creationDate>
     <modificationDate>portable AD 2014-12-10 14:56:43.358 +0800</modificationDate>
     <key>APP-TEST-TB</key>
     <buildKey>TB</buildKey>
     <buildName>Test backend</buildName>
     <firstBuildNumber>1</firstBuildNumber>
     <lastBuildNumber>23</lastBuildNumber>
     <nextBuildNumber>24</nextBuildNumber>
     <suspendedFromBuilding>false</suspendedFromBuilding>
     <definition>
      <id>458761</id>
      <xml><![CDATA[<?xml version="1.0" encoding="UTF-8" standalone="no"?>
<configuration xml:space="preserve">
  <isMergedConfiguration>false</isMergedConfiguration>
  <cleanWorkingDirectory>false</cleanWorkingDirectory>
  <repositoryDefiningWorkingDirectory>-1</repositoryDefiningWorkingDirectory>
  <buildTasks>
    <taskDefinition>
      <id>1</id>
      <userDescription>Checkout backend</userDescription>
      <isEnabled>true</isEnabled>
      <pluginKey>com.atlassian.bamboo.plugins.vcs:task.vcs.checkout</pluginKey>
      <finalising>false</finalising>
      <rootDirectoryType>INHERITED</rootDirectoryType>
      <repositoryDefiningWorkingDir>-1</repositoryDefiningWorkingDir>
      <config>
        <item>
          <key>selectedRepository_0</key>
          <value>327683</value>
        </item>
        <item>
          <key>cleanCheckout</key>
          <value>true</value>
        </item>
        <item>
          <key>checkoutDir_0</key>
          <value>ci_app</value>
        </item>
      </config>
    </taskDefinition>
    <taskDefinition>
      <id>2</id>
      <userDescription>Run backend tests</userDescription>
      <isEnabled>true</isEnabled>
      <pluginKey>com.atlassian.bamboo.plugins.scripttask:task.builder.script</pluginKey>
      <finalising>false</finalising>
      <rootDirectoryType>INHERITED</rootDirectoryType>
      <repositoryDefiningWorkingDir>-1</repositoryDefiningWorkingDir>
      <config>
        <item>
          <key>argument</key>
          <value/>
        </item>
        <item>
          <key>scriptBody</key>
          <value>LOCATION=global bash ./activate-dev.sh
mkdir ../out || echo 'out/ already exists'
echo "Sleep 5" # Debugging issues
sleep 5
echo "Running backend tests.."

echo fig -f fig.bamboo.yml ps
fig -f fig.bamboo.yml ps

echo docker ps
docker ps

#docker stop ciapp_postgres || echo "Postgres not running yet"
#docker rm ciapp_postgres || echo "Postgres not running yet"

#echo docker run -d -e LC_ALL=C.UTF-8 -v /var/log/postgresql -v /var/lib/postgresql --name ciapp_postgres micai/postgres
#docker run -d -e LC_ALL=C.UTF-8 -v /var/log/postgresql -v /var/lib/postgresql --name ciapp_postgres micai/postgres

#echo fig -f fig.bamboo.yml build
#fig -f fig.bamboo.yml build

#echo fig -f fig.bamboo.yml up -d
#fig -f fig.bamboo.yml up -d

echo fig -f fig.bamboo.yml run backend validate
fig -f fig.bamboo.yml run backend validate

echo fig -f fig.bamboo.yml run backend test
fig -f fig.bamboo.yml run backend test

ls -l ../out/</value>
        </item>
        <item>
          <key>runWithPowershell</key>
          <value/>
        </item>
        <item>
          <key>script</key>
          <value/>
        </item>
        <item>
          <key>workingSubDirectory</key>
          <value>ci_app</value>
        </item>
        <item>
          <key>environmentVariables</key>
          <value/>
        </item>
        <item>
          <key>scriptLocation</key>
          <value>INLINE</value>
        </item>
      </config>
    </taskDefinition>
    <taskDefinition>
      <id>3</id>
      <userDescription>Show backend test results</userDescription>
      <isEnabled>true</isEnabled>
      <pluginKey>com.atlassian.bamboo.plugins.testresultparser:task.testresultparser.junit</pluginKey>
      <finalising>false</finalising>
      <rootDirectoryType>INHERITED</rootDirectoryType>
      <repositoryDefiningWorkingDir>-1</repositoryDefiningWorkingDir>
      <config>
        <item>
          <key>pickupOutdatedFiles</key>
          <value/>
        </item>
        <item>
          <key>testResultsDirectory</key>
          <value>out/backend.xml</value>
        </item>
      </config>
    </taskDefinition>
  </buildTasks>
  <buildStrategies>
    <defined>true</defined>
  </buildStrategies>
  <branches>
    <monitoringEnabled>false</monitoringEnabled>
    <matchingPattern/>
    <inactivityInDays>30</inactivityInDays>
    <defaultNotificationStrategy>notifyCommitters</defaultNotificationStrategy>
    <issueLinking>true</issueLinking>
    <monitorPullRequests>false</monitorPullRequests>
  </branches>
  <branches>
    <defaultBranchIntegration>
      <enabled>false</enabled>
    </defaultBranchIntegration>
  </branches>
  <branchIntegration>
    <enabled>false</enabled>
  </branchIntegration>
  <branchConfiguration>
    <cleanup>
      <disabled>false</disabled>
    </cleanup>
    <notificationStrategy>notifyCommitters</notificationStrategy>
  </branchConfiguration>
  <bambooDelimiterParsingDisabled>true</bambooDelimiterParsingDisabled>
</configuration>
]]></xml>
     </definition>
     <requirementSet>
      <id>557064</id>
     </requirementSet>
    </subplan>
   </subplans>
   <subplans>
    <subplan>
     <id>393227</id>
     <creationDate>portable AD 2014-12-10 14:56:19.741 +0800</creationDate>
     <modificationDate>portable AD 2014-12-10 14:56:19.741 +0800</modificationDate>
     <key>APP-TEST0-JOB1</key>
     <buildKey>JOB1</buildKey>
     <buildName>Get dependencies</buildName>
     <firstBuildNumber>1</firstBuildNumber>
     <lastBuildNumber>23</lastBuildNumber>
     <nextBuildNumber>24</nextBuildNumber>
     <suspendedFromBuilding>false</suspendedFromBuilding>
     <master>APP-TEST-JOB1</master>
     <requirementSet>
      <id>557065</id>
     </requirementSet>
    </subplan>
   </subplans>
   <subplans>
    <subplan>
     <id>393229</id>
     <creationDate>portable AD 2014-12-10 14:56:34.866 +0800</creationDate>
     <modificationDate>portable AD 2014-12-10 14:56:34.866 +0800</modificationDate>
     <key>APP-TEST0-BP</key>
     <buildKey>BP</buildKey>
     <buildName>Build postgres</buildName>
     <firstBuildNumber>1</firstBuildNumber>
     <lastBuildNumber>23</lastBuildNumber>
     <nextBuildNumber>24</nextBuildNumber>
     <suspendedFromBuilding>false</suspendedFromBuilding>
     <master>APP-TEST-BP</master>
     <requirementSet>
      <id>557067</id>
     </requirementSet>
    </subplan>
    <subplan>
     <id>393228</id>
     <creationDate>portable AD 2014-12-10 14:56:25.421 +0800</creationDate>
     <modificationDate>portable AD 2014-12-10 14:56:25.421 +0800</modificationDate>
     <key>APP-TEST0-BA</key>
     <buildKey>BA</buildKey>
     <buildName>Build app</buildName>
     <firstBuildNumber>1</firstBuildNumber>
     <lastBuildNumber>23</lastBuildNumber>
     <nextBuildNumber>24</nextBuildNumber>
     <suspendedFromBuilding>false</suspendedFromBuilding>
     <master>APP-TEST-BA</master>
     <requirementSet>
      <id>557066</id>
     </requirementSet>
    </subplan>
    <subplan>
     <id>393230</id>
     <creationDate>portable AD 2014-12-10 14:56:30.179 +0800</creationDate>
     <modificationDate>portable AD 2014-12-10 14:56:30.179 +0800</modificationDate>
     <key>APP-TEST0-BB</key>
     <buildKey>BB</buildKey>
     <buildName>Build backend</buildName>
     <firstBuildNumber>1</firstBuildNumber>
     <lastBuildNumber>23</lastBuildNumber>
     <nextBuildNumber>24</nextBuildNumber>
     <suspendedFromBuilding>false</suspendedFromBuilding>
     <master>APP-TEST-BB</master>
     <requirementSet>
      <id>557068</id>
     </requirementSet>
    </subplan>
   </subplans>
   <subplans>
    <subplan>
     <id>393231</id>
     <creationDate>portable AD 2014-12-10 14:56:39.124 +0800</creationDate>
     <modificationDate>portable AD 2014-12-10 14:56:39.124 +0800</modificationDate>
     <key>APP-TEST0-TAK</key>
     <buildKey>TAK</buildKey>
     <buildName>Test app karma</buildName>
     <firstBuildNumber>1</firstBuildNumber>
     <lastBuildNumber>23</lastBuildNumber>
     <nextBuildNumber>24</nextBuildNumber>
     <suspendedFromBuilding>false</suspendedFromBuilding>
     <master>APP-TEST-TAK</master>
     <requirementSet>
      <id>557069</id>
     </requirementSet>
    </subplan>
    <subplan>
     <id>393232</id>
     <creationDate>portable AD 2014-12-10 14:56:43.343 +0800</creationDate>
     <modificationDate>portable AD 2014-12-10 14:56:43.343 +0800</modificationDate>
     <key>APP-TEST0-TB</key>
     <buildKey>TB</buildKey>
     <buildName>Test backend</buildName>
     <firstBuildNumber>1</firstBuildNumber>
     <lastBuildNumber>23</lastBuildNumber>
     <nextBuildNumber>24</nextBuildNumber>
     <suspendedFromBuilding>false</suspendedFromBuilding>
     <master>APP-TEST-TB</master>
     <requirementSet>
      <id>557070</id>
     </requirementSet>
    </subplan>
   </subplans>
   <subplans>
    <subplan>
     <id>1343490</id>
     <key>APP-TEST4-JOB1</key>
     <buildKey>JOB1</buildKey>
     <buildName>Get dependencies</buildName>
     <firstBuildNumber>1</firstBuildNumber>
     <lastBuildNumber>1</lastBuildNumber>
     <nextBuildNumber>2</nextBuildNumber>
     <suspendedFromBuilding>false</suspendedFromBuilding>
     <master>APP-TEST-JOB1</master>
     <requirementSet>
      <id>1441793</id>
     </requirementSet>
    </subplan>
   </subplans>
   <subplans>
    <subplan>
     <id>1343491</id>
     <key>APP-TEST4-BB</key>
     <buildKey>BB</buildKey>
     <buildName>Build backend</buildName>
     <firstBuildNumber>1</firstBuildNumber>
     <lastBuildNumber>1</lastBuildNumber>
     <nextBuildNumber>2</nextBuildNumber>
     <suspendedFromBuilding>false</suspendedFromBuilding>
     <master>APP-TEST-BB</master>
     <requirementSet>
      <id>1441794</id>
     </requirementSet>
    </subplan>
    <subplan>
     <id>1343492</id>
     <key>APP-TEST4-BA</key>
     <buildKey>BA</buildKey>
     <buildName>Build app</buildName>
     <firstBuildNumber>1</firstBuildNumber>
     <lastBuildNumber>1</lastBuildNumber>
     <nextBuildNumber>2</nextBuildNumber>
     <suspendedFromBuilding>false</suspendedFromBuilding>
     <master>APP-TEST-BA</master>
     <requirementSet>
      <id>1441795</id>
     </requirementSet>
    </subplan>
    <subplan>
     <id>1343493</id>
     <key>APP-TEST4-BP</key>
     <buildKey>BP</buildKey>
     <buildName>Build postgres</buildName>
     <firstBuildNumber>1</firstBuildNumber>
     <lastBuildNumber>1</lastBuildNumber>
     <nextBuildNumber>2</nextBuildNumber>
     <suspendedFromBuilding>false</suspendedFromBuilding>
     <master>APP-TEST-BP</master>
     <requirementSet>
      <id>1441796</id>
     </requirementSet>
    </subplan>
   </subplans>
   <subplans>
    <subplan>
     <id>1343494</id>
     <key>APP-TEST4-TAK</key>
     <buildKey>TAK</buildKey>
     <buildName>Test app karma</buildName>
     <firstBuildNumber>1</firstBuildNumber>
     <lastBuildNumber>1</lastBuildNumber>
     <nextBuildNumber>2</nextBuildNumber>
     <suspendedFromBuilding>false</suspendedFromBuilding>
     <master>APP-TEST-TAK</master>
     <requirementSet>
      <id>1441797</id>
     </requirementSet>
    </subplan>
    <subplan>
     <id>1343495</id>
     <key>APP-TEST4-TB</key>
     <buildKey>TB</buildKey>
     <buildName>Test backend</buildName>
     <firstBuildNumber>1</firstBuildNumber>
     <lastBuildNumber>1</lastBuildNumber>
     <nextBuildNumber>2</nextBuildNumber>
     <suspendedFromBuilding>false</suspendedFromBuilding>
     <master>APP-TEST-TB</master>
     <requirementSet>
      <id>1441798</id>
     </requirementSet>
    </subplan>
   </subplans>
   <subplans>
    <subplan>
     <id>1343504</id>
     <key>APP-TEST6-JOB1</key>
     <buildKey>JOB1</buildKey>
     <buildName>Get dependencies</buildName>
     <firstBuildNumber>1</firstBuildNumber>
     <lastBuildNumber>1</lastBuildNumber>
     <nextBuildNumber>2</nextBuildNumber>
     <suspendedFromBuilding>false</suspendedFromBuilding>
     <master>APP-TEST-JOB1</master>
     <requirementSet>
      <id>1441805</id>
     </requirementSet>
    </subplan>
   </subplans>
   <subplans>
    <subplan>
     <id>1343505</id>
     <key>APP-TEST6-BB</key>
     <buildKey>BB</buildKey>
     <buildName>Build backend</buildName>
     <firstBuildNumber>1</firstBuildNumber>
     <lastBuildNumber>1</lastBuildNumber>
     <nextBuildNumber>2</nextBuildNumber>
     <suspendedFromBuilding>false</suspendedFromBuilding>
     <master>APP-TEST-BB</master>
     <requirementSet>
      <id>1441806</id>
     </requirementSet>
    </subplan>
    <subplan>
     <id>1343507</id>
     <key>APP-TEST6-BP</key>
     <buildKey>BP</buildKey>
     <buildName>Build postgres</buildName>
     <firstBuildNumber>1</firstBuildNumber>
     <lastBuildNumber>1</lastBuildNumber>
     <nextBuildNumber>2</nextBuildNumber>
     <suspendedFromBuilding>false</suspendedFromBuilding>
     <master>APP-TEST-BP</master>
     <requirementSet>
      <id>1441808</id>
     </requirementSet>
    </subplan>
    <subplan>
     <id>1343506</id>
     <key>APP-TEST6-BA</key>
     <buildKey>BA</buildKey>
     <buildName>Build app</buildName>
     <firstBuildNumber>1</firstBuildNumber>
     <lastBuildNumber>1</lastBuildNumber>
     <nextBuildNumber>2</nextBuildNumber>
     <suspendedFromBuilding>false</suspendedFromBuilding>
     <master>APP-TEST-BA</master>
     <requirementSet>
      <id>1441807</id>
     </requirementSet>
    </subplan>
   </subplans>
   <subplans>
    <subplan>
     <id>1343508</id>
     <key>APP-TEST6-TB</key>
     <buildKey>TB</buildKey>
     <buildName>Test backend</buildName>
     <firstBuildNumber>1</firstBuildNumber>
     <lastBuildNumber>1</lastBuildNumber>
     <nextBuildNumber>2</nextBuildNumber>
     <suspendedFromBuilding>false</suspendedFromBuilding>
     <master>APP-TEST-TB</master>
     <requirementSet>
      <id>1441809</id>
     </requirementSet>
    </subplan>
    <subplan>
     <id>1343509</id>
     <key>APP-TEST6-TAK</key>
     <buildKey>TAK</buildKey>
     <buildName>Test app karma</buildName>
     <firstBuildNumber>1</firstBuildNumber>
     <lastBuildNumber>1</lastBuildNumber>
     <nextBuildNumber>2</nextBuildNumber>
     <suspendedFromBuilding>false</suspendedFromBuilding>
     <master>APP-TEST-TAK</master>
     <requirementSet>
      <id>1441810</id>
     </requirementSet>
    </subplan>
   </subplans>
   <subplans>
    <subplan>
     <id>393234</id>
     <key>APP-TEST1-JOB1</key>
     <buildKey>JOB1</buildKey>
     <buildName>Get dependencies</buildName>
     <firstBuildNumber>1</firstBuildNumber>
     <lastBuildNumber>20</lastBuildNumber>
     <nextBuildNumber>21</nextBuildNumber>
     <suspendedFromBuilding>false</suspendedFromBuilding>
     <master>APP-TEST-JOB1</master>
     <requirementSet>
      <id>557071</id>
     </requirementSet>
    </subplan>
   </subplans>
   <subplans>
    <subplan>
     <id>393235</id>
     <key>APP-TEST1-BP</key>
     <buildKey>BP</buildKey>
     <buildName>Build postgres</buildName>
     <firstBuildNumber>1</firstBuildNumber>
     <lastBuildNumber>20</lastBuildNumber>
     <nextBuildNumber>21</nextBuildNumber>
     <suspendedFromBuilding>false</suspendedFromBuilding>
     <master>APP-TEST-BP</master>
     <requirementSet>
      <id>557072</id>
     </requirementSet>
    </subplan>
    <subplan>
     <id>393236</id>
     <key>APP-TEST1-BA</key>
     <buildKey>BA</buildKey>
     <buildName>Build app</buildName>
     <firstBuildNumber>1</firstBuildNumber>
     <lastBuildNumber>20</lastBuildNumber>
     <nextBuildNumber>21</nextBuildNumber>
     <suspendedFromBuilding>false</suspendedFromBuilding>
     <master>APP-TEST-BA</master>
     <requirementSet>
      <id>557073</id>
     </requirementSet>
    </subplan>
    <subplan>
     <id>393237</id>
     <key>APP-TEST1-BB</key>
     <buildKey>BB</buildKey>
     <buildName>Build backend</buildName>
     <firstBuildNumber>1</firstBuildNumber>
     <lastBuildNumber>20</lastBuildNumber>
     <nextBuildNumber>21</nextBuildNumber>
     <suspendedFromBuilding>false</suspendedFromBuilding>
     <master>APP-TEST-BB</master>
     <requirementSet>
      <id>557074</id>
     </requirementSet>
    </subplan>
   </subplans>
   <subplans>
    <subplan>
     <id>393238</id>
     <key>APP-TEST1-TAK</key>
     <buildKey>TAK</buildKey>
     <buildName>Test app karma</buildName>
     <firstBuildNumber>1</firstBuildNumber>
     <lastBuildNumber>20</lastBuildNumber>
     <nextBuildNumber>21</nextBuildNumber>
     <suspendedFromBuilding>false</suspendedFromBuilding>
     <master>APP-TEST-TAK</master>
     <requirementSet>
      <id>557075</id>
     </requirementSet>
    </subplan>
    <subplan>
     <id>393239</id>
     <key>APP-TEST1-TB</key>
     <buildKey>TB</buildKey>
     <buildName>Test backend</buildName>
     <firstBuildNumber>1</firstBuildNumber>
     <lastBuildNumber>20</lastBuildNumber>
     <nextBuildNumber>21</nextBuildNumber>
     <suspendedFromBuilding>false</suspendedFromBuilding>
     <master>APP-TEST-TB</master>
     <requirementSet>
      <id>557076</id>
     </requirementSet>
    </subplan>
   </subplans>
   <subplans>
    <subplan>
     <id>1343497</id>
     <key>APP-TEST5-JOB1</key>
     <buildKey>JOB1</buildKey>
     <buildName>Get dependencies</buildName>
     <firstBuildNumber>1</firstBuildNumber>
     <lastBuildNumber>1</lastBuildNumber>
     <nextBuildNumber>2</nextBuildNumber>
     <suspendedFromBuilding>false</suspendedFromBuilding>
     <master>APP-TEST-JOB1</master>
     <requirementSet>
      <id>1441799</id>
     </requirementSet>
    </subplan>
   </subplans>
   <subplans>
    <subplan>
     <id>1343498</id>
     <key>APP-TEST5-BB</key>
     <buildKey>BB</buildKey>
     <buildName>Build backend</buildName>
     <firstBuildNumber>1</firstBuildNumber>
     <lastBuildNumber>1</lastBuildNumber>
     <nextBuildNumber>2</nextBuildNumber>
     <suspendedFromBuilding>false</suspendedFromBuilding>
     <master>APP-TEST-BB</master>
     <requirementSet>
      <id>1441800</id>
     </requirementSet>
    </subplan>
    <subplan>
     <id>1343499</id>
     <key>APP-TEST5-BA</key>
     <buildKey>BA</buildKey>
     <buildName>Build app</buildName>
     <firstBuildNumber>1</firstBuildNumber>
     <lastBuildNumber>1</lastBuildNumber>
     <nextBuildNumber>2</nextBuildNumber>
     <suspendedFromBuilding>false</suspendedFromBuilding>
     <master>APP-TEST-BA</master>
     <requirementSet>
      <id>1441801</id>
     </requirementSet>
    </subplan>
    <subplan>
     <id>1343500</id>
     <key>APP-TEST5-BP</key>
     <buildKey>BP</buildKey>
     <buildName>Build postgres</buildName>
     <firstBuildNumber>1</firstBuildNumber>
     <lastBuildNumber>1</lastBuildNumber>
     <nextBuildNumber>2</nextBuildNumber>
     <suspendedFromBuilding>false</suspendedFromBuilding>
     <master>APP-TEST-BP</master>
     <requirementSet>
      <id>1441802</id>
     </requirementSet>
    </subplan>
   </subplans>
   <subplans>
    <subplan>
     <id>1343501</id>
     <key>APP-TEST5-TAK</key>
     <buildKey>TAK</buildKey>
     <buildName>Test app karma</buildName>
     <firstBuildNumber>1</firstBuildNumber>
     <lastBuildNumber>1</lastBuildNumber>
     <nextBuildNumber>2</nextBuildNumber>
     <suspendedFromBuilding>false</suspendedFromBuilding>
     <master>APP-TEST-TAK</master>
     <requirementSet>
      <id>1441803</id>
     </requirementSet>
    </subplan>
    <subplan>
     <id>1343502</id>
     <key>APP-TEST5-TB</key>
     <buildKey>TB</buildKey>
     <buildName>Test backend</buildName>
     <firstBuildNumber>1</firstBuildNumber>
     <lastBuildNumber>1</lastBuildNumber>
     <nextBuildNumber>2</nextBuildNumber>
     <suspendedFromBuilding>false</suspendedFromBuilding>
     <master>APP-TEST-TB</master>
     <requirementSet>
      <id>1441804</id>
     </requirementSet>
    </subplan>
   </subplans>
   <subplans>
    <subplan>
     <id>393241</id>
     <key>APP-TEST2-JOB1</key>
     <buildKey>JOB1</buildKey>
     <buildName>Get dependencies</buildName>
     <firstBuildNumber>1</firstBuildNumber>
     <lastBuildNumber>27</lastBuildNumber>
     <nextBuildNumber>28</nextBuildNumber>
     <suspendedFromBuilding>false</suspendedFromBuilding>
     <master>APP-TEST-JOB1</master>
     <requirementSet>
      <id>557077</id>
     </requirementSet>
    </subplan>
   </subplans>
   <subplans>
    <subplan>
     <id>393242</id>
     <key>APP-TEST2-BB</key>
     <buildKey>BB</buildKey>
     <buildName>Build backend</buildName>
     <firstBuildNumber>1</firstBuildNumber>
     <lastBuildNumber>27</lastBuildNumber>
     <nextBuildNumber>28</nextBuildNumber>
     <suspendedFromBuilding>false</suspendedFromBuilding>
     <master>APP-TEST-BB</master>
     <requirementSet>
      <id>557078</id>
     </requirementSet>
    </subplan>
    <subplan>
     <id>393243</id>
     <key>APP-TEST2-BA</key>
     <buildKey>BA</buildKey>
     <buildName>Build app</buildName>
     <firstBuildNumber>1</firstBuildNumber>
     <lastBuildNumber>27</lastBuildNumber>
     <nextBuildNumber>28</nextBuildNumber>
     <suspendedFromBuilding>false</suspendedFromBuilding>
     <master>APP-TEST-BA</master>
     <requirementSet>
      <id>557079</id>
     </requirementSet>
    </subplan>
    <subplan>
     <id>393244</id>
     <key>APP-TEST2-BP</key>
     <buildKey>BP</buildKey>
     <buildName>Build postgres</buildName>
     <firstBuildNumber>1</firstBuildNumber>
     <lastBuildNumber>27</lastBuildNumber>
     <nextBuildNumber>28</nextBuildNumber>
     <suspendedFromBuilding>false</suspendedFromBuilding>
     <master>APP-TEST-BP</master>
     <requirementSet>
      <id>557080</id>
     </requirementSet>
    </subplan>
   </subplans>
   <subplans>
    <subplan>
     <id>393246</id>
     <key>APP-TEST2-TAK</key>
     <buildKey>TAK</buildKey>
     <buildName>Test app karma</buildName>
     <firstBuildNumber>1</firstBuildNumber>
     <lastBuildNumber>27</lastBuildNumber>
     <nextBuildNumber>28</nextBuildNumber>
     <suspendedFromBuilding>false</suspendedFromBuilding>
     <master>APP-TEST-TAK</master>
     <requirementSet>
      <id>557082</id>
     </requirementSet>
    </subplan>
    <subplan>
     <id>393245</id>
     <key>APP-TEST2-TB</key>
     <buildKey>TB</buildKey>
     <buildName>Test backend</buildName>
     <firstBuildNumber>1</firstBuildNumber>
     <lastBuildNumber>27</lastBuildNumber>
     <nextBuildNumber>28</nextBuildNumber>
     <suspendedFromBuilding>false</suspendedFromBuilding>
     <master>APP-TEST-TB</master>
     <requirementSet>
      <id>557081</id>
     </requirementSet>
    </subplan>
   </subplans>
   <subplans>
    <subplan>
     <id>393248</id>
     <key>APP-TEST3-JOB1</key>
     <buildKey>JOB1</buildKey>
     <buildName>Get dependencies</buildName>
     <firstBuildNumber>1</firstBuildNumber>
     <lastBuildNumber>5</lastBuildNumber>
     <nextBuildNumber>6</nextBuildNumber>
     <suspendedFromBuilding>false</suspendedFromBuilding>
     <master>APP-TEST-JOB1</master>
     <requirementSet>
      <id>557083</id>
     </requirementSet>
    </subplan>
   </subplans>
   <subplans>
    <subplan>
     <id>393249</id>
     <key>APP-TEST3-BB</key>
     <buildKey>BB</buildKey>
     <buildName>Build backend</buildName>
     <firstBuildNumber>1</firstBuildNumber>
     <lastBuildNumber>5</lastBuildNumber>
     <nextBuildNumber>6</nextBuildNumber>
     <suspendedFromBuilding>false</suspendedFromBuilding>
     <master>APP-TEST-BB</master>
     <requirementSet>
      <id>557084</id>
     </requirementSet>
    </subplan>
    <subplan>
     <id>393250</id>
     <key>APP-TEST3-BA</key>
     <buildKey>BA</buildKey>
     <buildName>Build app</buildName>
     <firstBuildNumber>1</firstBuildNumber>
     <lastBuildNumber>5</lastBuildNumber>
     <nextBuildNumber>6</nextBuildNumber>
     <suspendedFromBuilding>false</suspendedFromBuilding>
     <master>APP-TEST-BA</master>
     <requirementSet>
      <id>557085</id>
     </requirementSet>
    </subplan>
    <subplan>
     <id>393251</id>
     <key>APP-TEST3-BP</key>
     <buildKey>BP</buildKey>
     <buildName>Build postgres</buildName>
     <firstBuildNumber>1</firstBuildNumber>
     <lastBuildNumber>5</lastBuildNumber>
     <nextBuildNumber>6</nextBuildNumber>
     <suspendedFromBuilding>false</suspendedFromBuilding>
     <master>APP-TEST-BP</master>
     <requirementSet>
      <id>557086</id>
     </requirementSet>
    </subplan>
   </subplans>
   <subplans>
    <subplan>
     <id>393252</id>
     <key>APP-TEST3-TB</key>
     <buildKey>TB</buildKey>
     <buildName>Test backend</buildName>
     <firstBuildNumber>1</firstBuildNumber>
     <lastBuildNumber>5</lastBuildNumber>
     <nextBuildNumber>6</nextBuildNumber>
     <suspendedFromBuilding>false</suspendedFromBuilding>
     <master>APP-TEST-TB</master>
     <requirementSet>
      <id>557087</id>
     </requirementSet>
    </subplan>
    <subplan>
     <id>393253</id>
     <key>APP-TEST3-TAK</key>
     <buildKey>TAK</buildKey>
     <buildName>Test app karma</buildName>
     <firstBuildNumber>1</firstBuildNumber>
     <lastBuildNumber>5</lastBuildNumber>
     <nextBuildNumber>6</nextBuildNumber>
     <suspendedFromBuilding>false</suspendedFromBuilding>
     <master>APP-TEST-TAK</master>
     <requirementSet>
      <id>557088</id>
     </requirementSet>
    </subplan>
   </subplans>
   <chains>
    <chain>
     <id>393217</id>
     <creationDate>portable AD 2014-12-09 18:22:32.742 +0800</creationDate>
     <modificationDate>portable AD 2014-12-10 14:55:32.360 +0800</modificationDate>
     <key>APP-TEST</key>
     <buildKey>TEST</buildKey>
     <buildName>Test</buildName>
     <firstBuildNumber>1</firstBuildNumber>
     <lastBuildNumber>23</lastBuildNumber>
     <nextBuildNumber>24</nextBuildNumber>
     <suspendedFromBuilding>false</suspendedFromBuilding>
     <definition>
      <id>458753</id>
      <xml><![CDATA[<?xml version="1.0" encoding="UTF-8" standalone="no"?>
<configuration xml:space="preserve">
  <isMergedConfiguration>false</isMergedConfiguration>
  <cleanWorkingDirectory>false</cleanWorkingDirectory>
  <repositoryDefiningWorkingDirectory>0</repositoryDefiningWorkingDirectory>
  <buildStrategies>
    <defined>true</defined>
    <buildStrategy>
      <id>0</id>
      <key>poll</key>
      <name/>
      <triggeringRepositories>327685,327684,327681,327683,327682</triggeringRepositories>
      <config>
        <item>
          <key>repository.change.poll.pollingPeriod</key>
          <value>180</value>
        </item>
        <item>
          <key>repository.change.poll.cronExpression</key>
          <value>0 0 0 ? * *</value>
        </item>
        <item>
          <key>repository.change.poll.type</key>
          <value>PERIOD</value>
        </item>
        <item>
          <key>bambooDelimiterParsingDisabled</key>
          <value>true</value>
        </item>
        <item>
          <key>custom.triggerrCondition.plansGreen.enabled</key>
          <value>false</value>
        </item>
      </config>
    </buildStrategy>
  </buildStrategies>
  <branches>
    <monitoringEnabled>true</monitoringEnabled>
    <matchingPattern/>
    <inactivityInDays>30</inactivityInDays>
    <defaultNotificationStrategy>inherit</defaultNotificationStrategy>
    <issueLinking>false</issueLinking>
    <monitorPullRequests>false</monitorPullRequests>
  </branches>
  <branches>
    <defaultBranchIntegration>
      <enabled>true</enabled>
      <strategy>BRANCH_UPDATER</strategy>
      <branchUpdater>
        <mergeFromBranch>APP-TEST</mergeFromBranch>
        <pushEnabled>true</pushEnabled>
      </branchUpdater>
    </defaultBranchIntegration>
  </branches>
  <branchIntegration>
    <enabled>false</enabled>
  </branchIntegration>
  <branchConfiguration>
    <cleanup>
      <disabled>false</disabled>
    </cleanup>
    <notificationStrategy>notifyCommitters</notificationStrategy>
  </branchConfiguration>
  <custom>
    <dependencies>
      <trigger>
        <remote>
          <strategy>None</strategy>
        </remote>
      </trigger>
      <triggerForBranches>true</triggerForBranches>
    </dependencies>
  </custom>
  <bambooDelimiterParsingDisabled>true</bambooDelimiterParsingDisabled>
</configuration>
]]></xml>
     </definition>
     <notificationSet>
      <id>425985</id>
     </notificationSet>
     <stages>
      <stage>
       <id>524290</id>
       <name>Setup build env</name>
       <builds>
        <build>
         <buildKey>APP-TEST-JOB1</buildKey>
        </build>
       </builds>
      </stage>
      <stage>
       <id>524291</id>
       <name>Build</name>
       <builds>
        <build>
         <buildKey>APP-TEST-BB</buildKey>
        </build>
        <build>
         <buildKey>APP-TEST-BP</buildKey>
        </build>
        <build>
         <buildKey>APP-TEST-BA</buildKey>
        </build>
       </builds>
      </stage>
      <stage>
       <id>524292</id>
       <name>Test</name>
       <builds>
        <build>
         <buildKey>APP-TEST-TAK</buildKey>
        </build>
        <build>
         <buildKey>APP-TEST-TB</buildKey>
        </build>
       </builds>
      </stage>
     </stages>
    </chain>
   </chains>
   <branches>
    <branch>
     <id>393226</id>
     <creationDate>portable AD 2014-12-10 13:21:04.571 +0800</creationDate>
     <modificationDate>portable AD 2014-12-10 14:58:01.218 +0800</modificationDate>
     <key>APP-TEST0</key>
     <buildKey>TEST0</buildKey>
     <buildName>APP-367-market-hour-switch</buildName>
     <firstBuildNumber>1</firstBuildNumber>
     <lastBuildNumber>23</lastBuildNumber>
     <nextBuildNumber>24</nextBuildNumber>
     <suspendedFromBuilding>false</suspendedFromBuilding>
     <master>APP-TEST</master>
     <definition>
      <id>458762</id>
      <xml><![CDATA[<?xml version="1.0" encoding="UTF-8" standalone="no"?>
<configuration xml:space="preserve">
  <isMergedConfiguration>false</isMergedConfiguration>
  <branchIntegration>
    <enabled>true</enabled>
    <strategy>BRANCH_UPDATER</strategy>
    <branchUpdater>
      <mergeFromBranch>APP-TEST</mergeFromBranch>
      <pushEnabled>true</pushEnabled>
    </branchUpdater>
  </branchIntegration>
  <branchConfiguration>
    <cleanup>
      <disabled>false</disabled>
    </cleanup>
    <notificationStrategy>inherit</notificationStrategy>
  </branchConfiguration>
  <bambooDelimiterParsingDisabled>true</bambooDelimiterParsingDisabled>
</configuration>
]]></xml>
     </definition>
     <notificationSet>
      <id>425986</id>
      <notification>
       <id>655361</id>
       <conditionKey>com.atlassian.bamboo.plugin.system.notifications:chainCompleted.failedChains</conditionKey>
       <recipientType>com.atlassian.bamboo.plugin.system.notifications:recipient.watcher</recipientType>
      </notification>
      <notification>
       <id>655362</id>
       <conditionKey>com.atlassian.bamboo.plugin.system.notifications:chainCompleted.failedChains</conditionKey>
       <recipientType>com.atlassian.bamboo.plugin.system.notifications:recipient.committer</recipientType>
      </notification>
     </notificationSet>
     <stages>
      <stage>
       <id>524293</id>
       <name>Setup build env</name>
       <builds>
        <build>
         <buildKey>APP-TEST0-JOB1</buildKey>
        </build>
       </builds>
      </stage>
      <stage>
       <id>524294</id>
       <name>Build</name>
       <builds>
        <build>
         <buildKey>APP-TEST0-BP</buildKey>
        </build>
        <build>
         <buildKey>APP-TEST0-BA</buildKey>
        </build>
        <build>
         <buildKey>APP-TEST0-BB</buildKey>
        </build>
       </builds>
      </stage>
      <stage>
       <id>524295</id>
       <name>Test</name>
       <builds>
        <build>
         <buildKey>APP-TEST0-TAK</buildKey>
        </build>
        <build>
         <buildKey>APP-TEST0-TB</buildKey>
        </build>
       </builds>
      </stage>
     </stages>
     <commitInformation>
      <id>1015810</id>
      <latestChangesetId>7e663756dbfeb3219feeb2e6a77d99d4e1caf931</latestChangesetId>
      <latestCommitDate>portable AD 2014-12-11 14:33:55.000 +0800</latestCommitDate>
      <latestCommitAuthorId>917507</latestCommitAuthorId>
     </commitInformation>
     <remoteJiraLinkRequired>false</remoteJiraLinkRequired>
    </branch>
    <branch>
     <id>1343489</id>
     <creationDate>portable AD 2014-12-15 13:12:26.989 +0800</creationDate>
     <modificationDate>portable AD 2014-12-15 13:12:26.989 +0800</modificationDate>
     <key>APP-TEST4</key>
     <buildKey>TEST4</buildKey>
     <buildName>APP-372-forgot-password</buildName>
     <firstBuildNumber>1</firstBuildNumber>
     <lastBuildNumber>1</lastBuildNumber>
     <nextBuildNumber>2</nextBuildNumber>
     <suspendedFromBuilding>false</suspendedFromBuilding>
     <master>APP-TEST</master>
     <definition>
      <id>1474561</id>
      <xml><![CDATA[<?xml version="1.0" encoding="UTF-8" standalone="no"?>
<configuration xml:space="preserve">
  <isMergedConfiguration>false</isMergedConfiguration>
  <branchIntegration>
    <enabled>true</enabled>
    <strategy>BRANCH_UPDATER</strategy>
    <branchUpdater>
      <mergeFromBranch>APP-TEST</mergeFromBranch>
      <pushEnabled>true</pushEnabled>
    </branchUpdater>
  </branchIntegration>
  <branchConfiguration>
    <cleanup>
      <disabled>false</disabled>
    </cleanup>
    <notificationStrategy>inherit</notificationStrategy>
  </branchConfiguration>
  <bambooDelimiterParsingDisabled>true</bambooDelimiterParsingDisabled>
</configuration>
]]></xml>
     </definition>
     <notificationSet>
      <id>1310723</id>
      <notification>
       <id>1376257</id>
       <conditionKey>com.atlassian.bamboo.plugin.system.notifications:chainCompleted.failedChains</conditionKey>
       <recipientType>com.atlassian.bamboo.plugin.system.notifications:recipient.watcher</recipientType>
      </notification>
      <notification>
       <id>1376258</id>
       <conditionKey>com.atlassian.bamboo.plugin.system.notifications:chainCompleted.failedChains</conditionKey>
       <recipientType>com.atlassian.bamboo.plugin.system.notifications:recipient.committer</recipientType>
      </notification>
     </notificationSet>
     <stages>
      <stage>
       <id>1409025</id>
       <name>Setup build env</name>
       <builds>
        <build>
         <buildKey>APP-TEST4-JOB1</buildKey>
        </build>
       </builds>
      </stage>
      <stage>
       <id>1409026</id>
       <name>Build</name>
       <builds>
        <build>
         <buildKey>APP-TEST4-BB</buildKey>
        </build>
        <build>
         <buildKey>APP-TEST4-BA</buildKey>
        </build>
        <build>
         <buildKey>APP-TEST4-BP</buildKey>
        </build>
       </builds>
      </stage>
      <stage>
       <id>1409027</id>
       <name>Test</name>
       <builds>
        <build>
         <buildKey>APP-TEST4-TAK</buildKey>
        </build>
        <build>
         <buildKey>APP-TEST4-TB</buildKey>
        </build>
       </builds>
      </stage>
     </stages>
     <commitInformation>
      <id>1671169</id>
      <latestChangesetId>a55b13552db5193d8b083ad76d670c89fa959a00</latestChangesetId>
      <latestCommitDate>portable AD 2014-12-16 18:01:48.000 +0800</latestCommitDate>
      <latestCommitAuthorId>917507</latestCommitAuthorId>
     </commitInformation>
     <remoteJiraLinkRequired>false</remoteJiraLinkRequired>
    </branch>
    <branch>
     <id>1343503</id>
     <creationDate>portable AD 2014-12-25 17:57:26.297 +0800</creationDate>
     <modificationDate>portable AD 2014-12-25 17:57:26.297 +0800</modificationDate>
     <key>APP-TEST6</key>
     <buildKey>TEST6</buildKey>
     <buildName>BACK-104-remove-all-demo-auto-simulation</buildName>
     <firstBuildNumber>1</firstBuildNumber>
     <lastBuildNumber>1</lastBuildNumber>
     <nextBuildNumber>2</nextBuildNumber>
     <suspendedFromBuilding>false</suspendedFromBuilding>
     <master>APP-TEST</master>
     <definition>
      <id>1474563</id>
      <xml><![CDATA[<?xml version="1.0" encoding="UTF-8" standalone="no"?>
<configuration xml:space="preserve">
  <isMergedConfiguration>false</isMergedConfiguration>
  <branchIntegration>
    <enabled>true</enabled>
    <strategy>BRANCH_UPDATER</strategy>
    <branchUpdater>
      <mergeFromBranch>APP-TEST</mergeFromBranch>
      <pushEnabled>true</pushEnabled>
    </branchUpdater>
  </branchIntegration>
  <branchConfiguration>
    <cleanup>
      <disabled>false</disabled>
    </cleanup>
    <notificationStrategy>inherit</notificationStrategy>
  </branchConfiguration>
  <bambooDelimiterParsingDisabled>true</bambooDelimiterParsingDisabled>
</configuration>
]]></xml>
     </definition>
     <notificationSet>
      <id>1310725</id>
      <notification>
       <id>1376261</id>
       <conditionKey>com.atlassian.bamboo.plugin.system.notifications:chainCompleted.failedChains</conditionKey>
       <recipientType>com.atlassian.bamboo.plugin.system.notifications:recipient.watcher</recipientType>
      </notification>
      <notification>
       <id>1376262</id>
       <conditionKey>com.atlassian.bamboo.plugin.system.notifications:chainCompleted.failedChains</conditionKey>
       <recipientType>com.atlassian.bamboo.plugin.system.notifications:recipient.committer</recipientType>
      </notification>
     </notificationSet>
     <stages>
      <stage>
       <id>1409031</id>
       <name>Setup build env</name>
       <builds>
        <build>
         <buildKey>APP-TEST6-JOB1</buildKey>
        </build>
       </builds>
      </stage>
      <stage>
       <id>1409032</id>
       <name>Build</name>
       <builds>
        <build>
         <buildKey>APP-TEST6-BB</buildKey>
        </build>
        <build>
         <buildKey>APP-TEST6-BP</buildKey>
        </build>
        <build>
         <buildKey>APP-TEST6-BA</buildKey>
        </build>
       </builds>
      </stage>
      <stage>
       <id>1409033</id>
       <name>Test</name>
       <builds>
        <build>
         <buildKey>APP-TEST6-TB</buildKey>
        </build>
        <build>
         <buildKey>APP-TEST6-TAK</buildKey>
        </build>
       </builds>
      </stage>
     </stages>
     <commitInformation>
      <id>1671171</id>
      <latestChangesetId>4f3029ade437e84c9ba615e38af6bee23e5926c9</latestChangesetId>
      <latestCommitDate>portable AD 2014-12-25 19:50:41.000 +0800</latestCommitDate>
      <latestCommitAuthorId>917507</latestCommitAuthorId>
     </commitInformation>
     <remoteJiraLinkRequired>false</remoteJiraLinkRequired>
    </branch>
    <branch>
     <id>393233</id>
     <creationDate>portable AD 2014-12-10 15:11:03.993 +0800</creationDate>
     <modificationDate>portable AD 2014-12-10 15:11:03.993 +0800</modificationDate>
     <key>APP-TEST1</key>
     <buildKey>TEST1</buildKey>
     <buildName>BACK-132-make-sure-only-one-process-will</buildName>
     <firstBuildNumber>1</firstBuildNumber>
     <lastBuildNumber>20</lastBuildNumber>
     <nextBuildNumber>21</nextBuildNumber>
     <suspendedFromBuilding>false</suspendedFromBuilding>
     <master>APP-TEST</master>
     <definition>
      <id>458763</id>
      <xml><![CDATA[<?xml version="1.0" encoding="UTF-8" standalone="no"?>
<configuration xml:space="preserve">
  <isMergedConfiguration>false</isMergedConfiguration>
  <branchIntegration>
    <enabled>true</enabled>
    <strategy>BRANCH_UPDATER</strategy>
    <branchUpdater>
      <mergeFromBranch>APP-TEST</mergeFromBranch>
      <pushEnabled>true</pushEnabled>
    </branchUpdater>
  </branchIntegration>
  <branchConfiguration>
    <cleanup>
      <disabled>false</disabled>
    </cleanup>
    <notificationStrategy>inherit</notificationStrategy>
  </branchConfiguration>
  <bambooDelimiterParsingDisabled>true</bambooDelimiterParsingDisabled>
</configuration>
]]></xml>
     </definition>
     <notificationSet>
      <id>425987</id>
      <notification>
       <id>655363</id>
       <conditionKey>com.atlassian.bamboo.plugin.system.notifications:chainCompleted.failedChains</conditionKey>
       <recipientType>com.atlassian.bamboo.plugin.system.notifications:recipient.watcher</recipientType>
      </notification>
      <notification>
       <id>655364</id>
       <conditionKey>com.atlassian.bamboo.plugin.system.notifications:chainCompleted.failedChains</conditionKey>
       <recipientType>com.atlassian.bamboo.plugin.system.notifications:recipient.committer</recipientType>
      </notification>
     </notificationSet>
     <stages>
      <stage>
       <id>524296</id>
       <name>Setup build env</name>
       <builds>
        <build>
         <buildKey>APP-TEST1-JOB1</buildKey>
        </build>
       </builds>
      </stage>
      <stage>
       <id>524297</id>
       <name>Build</name>
       <builds>
        <build>
         <buildKey>APP-TEST1-BP</buildKey>
        </build>
        <build>
         <buildKey>APP-TEST1-BA</buildKey>
        </build>
        <build>
         <buildKey>APP-TEST1-BB</buildKey>
        </build>
       </builds>
      </stage>
      <stage>
       <id>524298</id>
       <name>Test</name>
       <builds>
        <build>
         <buildKey>APP-TEST1-TAK</buildKey>
        </build>
        <build>
         <buildKey>APP-TEST1-TB</buildKey>
        </build>
       </builds>
      </stage>
     </stages>
     <commitInformation>
      <id>1015811</id>
      <latestChangesetId>cd42d99ffbcc3a4c74df552592680c85b8d44ad6</latestChangesetId>
      <latestCommitDate>portable AD 2014-12-10 15:08:25.000 +0800</latestCommitDate>
      <latestCommitAuthorId>917506</latestCommitAuthorId>
     </commitInformation>
     <remoteJiraLinkRequired>false</remoteJiraLinkRequired>
    </branch>
    <branch>
     <id>1343496</id>
     <creationDate>portable AD 2014-12-17 15:47:57.329 +0800</creationDate>
     <modificationDate>portable AD 2014-12-17 15:47:57.329 +0800</modificationDate>
     <key>APP-TEST5</key>
     <buildKey>TEST5</buildKey>
     <buildName>BACK-138-improper-brokeraccountaccount-u</buildName>
     <firstBuildNumber>1</firstBuildNumber>
     <lastBuildNumber>1</lastBuildNumber>
     <nextBuildNumber>2</nextBuildNumber>
     <suspendedFromBuilding>false</suspendedFromBuilding>
     <master>APP-TEST</master>
     <definition>
      <id>1474562</id>
      <xml><![CDATA[<?xml version="1.0" encoding="UTF-8" standalone="no"?>
<configuration xml:space="preserve">
  <isMergedConfiguration>false</isMergedConfiguration>
  <branchIntegration>
    <enabled>true</enabled>
    <strategy>BRANCH_UPDATER</strategy>
    <branchUpdater>
      <mergeFromBranch>APP-TEST</mergeFromBranch>
      <pushEnabled>true</pushEnabled>
    </branchUpdater>
  </branchIntegration>
  <branchConfiguration>
    <cleanup>
      <disabled>false</disabled>
    </cleanup>
    <notificationStrategy>inherit</notificationStrategy>
  </branchConfiguration>
  <bambooDelimiterParsingDisabled>true</bambooDelimiterParsingDisabled>
</configuration>
]]></xml>
     </definition>
     <notificationSet>
      <id>1310724</id>
      <notification>
       <id>1376259</id>
       <conditionKey>com.atlassian.bamboo.plugin.system.notifications:chainCompleted.failedChains</conditionKey>
       <recipientType>com.atlassian.bamboo.plugin.system.notifications:recipient.watcher</recipientType>
      </notification>
      <notification>
       <id>1376260</id>
       <conditionKey>com.atlassian.bamboo.plugin.system.notifications:chainCompleted.failedChains</conditionKey>
       <recipientType>com.atlassian.bamboo.plugin.system.notifications:recipient.committer</recipientType>
      </notification>
     </notificationSet>
     <stages>
      <stage>
       <id>1409028</id>
       <name>Setup build env</name>
       <builds>
        <build>
         <buildKey>APP-TEST5-JOB1</buildKey>
        </build>
       </builds>
      </stage>
      <stage>
       <id>1409029</id>
       <name>Build</name>
       <builds>
        <build>
         <buildKey>APP-TEST5-BB</buildKey>
        </build>
        <build>
         <buildKey>APP-TEST5-BA</buildKey>
        </build>
        <build>
         <buildKey>APP-TEST5-BP</buildKey>
        </build>
       </builds>
      </stage>
      <stage>
       <id>1409030</id>
       <name>Test</name>
       <builds>
        <build>
         <buildKey>APP-TEST5-TAK</buildKey>
        </build>
        <build>
         <buildKey>APP-TEST5-TB</buildKey>
        </build>
       </builds>
      </stage>
     </stages>
     <commitInformation>
      <id>1671170</id>
      <latestChangesetId>49053cd0cdb6d012a2a29e1e8addf0b208244f30</latestChangesetId>
      <latestCommitDate>portable AD 2014-12-17 15:48:07.000 +0800</latestCommitDate>
      <latestCommitAuthorId>917505</latestCommitAuthorId>
     </commitInformation>
     <remoteJiraLinkRequired>false</remoteJiraLinkRequired>
    </branch>
    <branch>
     <id>393240</id>
     <creationDate>portable AD 2014-12-10 15:26:03.066 +0800</creationDate>
     <modificationDate>portable AD 2014-12-10 15:26:03.066 +0800</modificationDate>
     <key>APP-TEST2</key>
     <buildKey>TEST2</buildKey>
     <buildName>beta1</buildName>
     <firstBuildNumber>1</firstBuildNumber>
     <lastBuildNumber>27</lastBuildNumber>
     <nextBuildNumber>28</nextBuildNumber>
     <suspendedFromBuilding>false</suspendedFromBuilding>
     <master>APP-TEST</master>
     <definition>
      <id>458764</id>
      <xml><![CDATA[<?xml version="1.0" encoding="UTF-8" standalone="no"?>
<configuration xml:space="preserve">
  <isMergedConfiguration>false</isMergedConfiguration>
  <branchIntegration>
    <enabled>true</enabled>
    <strategy>BRANCH_UPDATER</strategy>
    <branchUpdater>
      <mergeFromBranch>APP-TEST</mergeFromBranch>
      <pushEnabled>true</pushEnabled>
    </branchUpdater>
  </branchIntegration>
  <branchConfiguration>
    <cleanup>
      <disabled>false</disabled>
    </cleanup>
    <notificationStrategy>inherit</notificationStrategy>
  </branchConfiguration>
  <bambooDelimiterParsingDisabled>true</bambooDelimiterParsingDisabled>
</configuration>
]]></xml>
     </definition>
     <notificationSet>
      <id>425988</id>
      <notification>
       <id>655365</id>
       <conditionKey>com.atlassian.bamboo.plugin.system.notifications:chainCompleted.failedChains</conditionKey>
       <recipientType>com.atlassian.bamboo.plugin.system.notifications:recipient.watcher</recipientType>
      </notification>
      <notification>
       <id>655366</id>
       <conditionKey>com.atlassian.bamboo.plugin.system.notifications:chainCompleted.failedChains</conditionKey>
       <recipientType>com.atlassian.bamboo.plugin.system.notifications:recipient.committer</recipientType>
      </notification>
     </notificationSet>
     <stages>
      <stage>
       <id>524299</id>
       <name>Setup build env</name>
       <builds>
        <build>
         <buildKey>APP-TEST2-JOB1</buildKey>
        </build>
       </builds>
      </stage>
      <stage>
       <id>524300</id>
       <name>Build</name>
       <builds>
        <build>
         <buildKey>APP-TEST2-BB</buildKey>
        </build>
        <build>
         <buildKey>APP-TEST2-BA</buildKey>
        </build>
        <build>
         <buildKey>APP-TEST2-BP</buildKey>
        </build>
       </builds>
      </stage>
      <stage>
       <id>524301</id>
       <name>Test</name>
       <builds>
        <build>
         <buildKey>APP-TEST2-TAK</buildKey>
        </build>
        <build>
         <buildKey>APP-TEST2-TB</buildKey>
        </build>
       </builds>
      </stage>
     </stages>
     <commitInformation>
      <id>1015809</id>
      <latestChangesetId>c9c11e52d60b4e6f0cdb1ec1f348846377db8c55</latestChangesetId>
      <latestCommitDate>portable AD 2014-12-12 16:54:42.000 +0800</latestCommitDate>
      <latestCommitAuthorId>917506</latestCommitAuthorId>
     </commitInformation>
     <remoteJiraLinkRequired>false</remoteJiraLinkRequired>
    </branch>
    <branch>
     <id>393247</id>
     <creationDate>portable AD 2014-12-12 19:16:03.183 +0800</creationDate>
     <modificationDate>portable AD 2014-12-12 19:16:03.183 +0800</modificationDate>
     <key>APP-TEST3</key>
     <buildKey>TEST3</buildKey>
     <buildName>FIX-54-fixprotocol-add-asyncio-loop</buildName>
     <firstBuildNumber>1</firstBuildNumber>
     <lastBuildNumber>5</lastBuildNumber>
     <nextBuildNumber>6</nextBuildNumber>
     <suspendedFromBuilding>false</suspendedFromBuilding>
     <master>APP-TEST</master>
     <definition>
      <id>458765</id>
      <xml><![CDATA[<?xml version="1.0" encoding="UTF-8" standalone="no"?>
<configuration xml:space="preserve">
  <isMergedConfiguration>false</isMergedConfiguration>
  <branchIntegration>
    <enabled>true</enabled>
    <strategy>BRANCH_UPDATER</strategy>
    <branchUpdater>
      <mergeFromBranch>APP-TEST</mergeFromBranch>
      <pushEnabled>true</pushEnabled>
    </branchUpdater>
  </branchIntegration>
  <branchConfiguration>
    <cleanup>
      <disabled>false</disabled>
    </cleanup>
    <notificationStrategy>inherit</notificationStrategy>
  </branchConfiguration>
  <bambooDelimiterParsingDisabled>true</bambooDelimiterParsingDisabled>
</configuration>
]]></xml>
     </definition>
     <notificationSet>
      <id>425989</id>
      <notification>
       <id>655367</id>
       <conditionKey>com.atlassian.bamboo.plugin.system.notifications:chainCompleted.failedChains</conditionKey>
       <recipientType>com.atlassian.bamboo.plugin.system.notifications:recipient.watcher</recipientType>
      </notification>
      <notification>
       <id>655368</id>
       <conditionKey>com.atlassian.bamboo.plugin.system.notifications:chainCompleted.failedChains</conditionKey>
       <recipientType>com.atlassian.bamboo.plugin.system.notifications:recipient.committer</recipientType>
      </notification>
     </notificationSet>
     <stages>
      <stage>
       <id>524302</id>
       <name>Setup build env</name>
       <builds>
        <build>
         <buildKey>APP-TEST3-JOB1</buildKey>
        </build>
       </builds>
      </stage>
      <stage>
       <id>524303</id>
       <name>Build</name>
       <builds>
        <build>
         <buildKey>APP-TEST3-BB</buildKey>
        </build>
        <build>
         <buildKey>APP-TEST3-BA</buildKey>
        </build>
        <build>
         <buildKey>APP-TEST3-BP</buildKey>
        </build>
       </builds>
      </stage>
      <stage>
       <id>524304</id>
       <name>Test</name>
       <builds>
        <build>
         <buildKey>APP-TEST3-TB</buildKey>
        </build>
        <build>
         <buildKey>APP-TEST3-TAK</buildKey>
        </build>
       </builds>
      </stage>
     </stages>
     <commitInformation>
      <id>1015812</id>
      <latestChangesetId>e1a08966fe6bc1f7abfd2917f2b79c1f1ce0523b</latestChangesetId>
      <latestCommitDate>portable AD 2014-12-18 14:18:46.000 +0800</latestCommitDate>
      <latestCommitAuthorId>1703937</latestCommitAuthorId>
     </commitInformation>
     <remoteJiraLinkRequired>false</remoteJiraLinkRequired>
    </branch>
   </branches>
  </project>
 </projects>
</bamboo>