<?xml version='1.1' encoding='UTF-8' standalone='yes'?>
<bamboo>
 <date>Mon Dec 29 15:33:32 CST 2014</date>
 <version>5.7.1</version>
 <buildDate>24-Nov-2014</buildDate>
 <build>5715</build>
 <serverID>B5L5-MUNR-UV90-BR71</serverID>
 <propertyEntries>
  <propertyEntry>
   <entityName>LOC_mcitadm</entityName>
   <entityId>1</entityId>
   <entityKey>bamboo.user.actions.addJob</entityKey>
   <keyType>5</keyType>
   <doubleValue>0.0</doubleValue>
   <stringValue><![CDATA[true]]></stringValue>
   <textValue><![CDATA[]]></textValue>
   <longValue>0</longValue>
   <intValue>0</intValue>
   <booleanValue>false</booleanValue>
  </propertyEntry>
 </propertyEntries>
</bamboo>