<?xml version='1.1' encoding='UTF-8' standalone='yes'?>
<bamboo>
 <date>Mon Dec 29 15:33:32 CST 2014</date>
 <version>5.7.1</version>
 <buildDate>24-Nov-2014</buildDate>
 <build>5715</build>
 <serverID>B5L5-MUNR-UV90-BR71</serverID>
 <repositories>
  <repository>
   <id>327681</id>
   <name>micai/backend</name>
   <pluginKey>com.atlassian.bamboo.plugins.atlassian-bamboo-plugin-mercurial:bb</pluginKey>
   <isGlobal>true</isGlobal>
   <xml><![CDATA[<?xml version="1.0" encoding="UTF-8" standalone="no"?>
<configuration xml:space="preserve">
  <filter>
    <pattern>
      <option/>
      <regex/>
    </pattern>
  </filter>
  <changeset>
    <filter>
      <pattern>
        <regex/>
      </pattern>
    </filter>
  </changeset>
  <repository>
    <common>
      <quietPeriod>
        <enabled>false</enabled>
        <period>10</period>
        <maxRetries>5</maxRetries>
      </quietPeriod>
    </common>
    <bitbucket>
      <username>micai-builder</username>
      <password>0smLwlAG9pldFPDen2Zthw==
      </password>
      <repository>micai/backend</repository>
      <scm>GIT</scm>
      <branch>master</branch>
      <showAdvancedOptions>false</showAdvancedOptions>
      <commandTimeout>180</commandTimeout>
      <verbose>
        <logs>false</logs>
      </verbose>
      <fetch>
        <whole>
          <repository>false</repository>
        </whole>
      </fetch>
      <git>
        <useShallowClones>false</useShallowClones>
        <useSubmodules>false</useSubmodules>
      </git>
    </bitbucket>
  </repository>
  <selectedWebRepositoryViewer>bamboo.webrepositoryviewer.provided:noRepositoryViewer</selectedWebRepositoryViewer>
  <bambooDelimiterParsingDisabled>true</bambooDelimiterParsingDisabled>
</configuration>
]]></xml>
  </repository>
  <repository>
   <id>327682</id>
   <name>micai/app</name>
   <pluginKey>com.atlassian.bamboo.plugins.atlassian-bamboo-plugin-mercurial:bb</pluginKey>
   <isGlobal>false</isGlobal>
   <xml><![CDATA[<?xml version="1.0" encoding="UTF-8" standalone="no"?>
<configuration xml:space="preserve">
  <filter>
    <pattern>
      <option>none</option>
      <regex/>
    </pattern>
  </filter>
  <changeset>
    <filter>
      <pattern>
        <regex/>
      </pattern>
    </filter>
  </changeset>
  <repository>
    <common>
      <quietPeriod>
        <enabled>false</enabled>
        <period>10</period>
        <maxRetries>5</maxRetries>
      </quietPeriod>
    </common>
    <bitbucket>
      <username>micai-builder</username>
      <password>0smLwlAG9pldFPDen2Zthw==</password>
      <repository>micai/app</repository>
      <scm>GIT</scm>
      <branch>master</branch>
      <showAdvancedOptions>false</showAdvancedOptions>
      <commandTimeout>180</commandTimeout>
      <verbose>
        <logs>false</logs>
      </verbose>
      <fetch>
        <whole>
          <repository>false</repository>
        </whole>
      </fetch>
      <git>
        <useShallowClones>false</useShallowClones>
        <useSubmodules>false</useSubmodules>
      </git>
    </bitbucket>
  </repository>
  <selectedWebRepositoryViewer>bamboo.webrepositoryviewer.provided:noRepositoryViewer</selectedWebRepositoryViewer>
  <bambooDelimiterParsingDisabled>true</bambooDelimiterParsingDisabled>
</configuration>
]]></xml>
  </repository>
  <repository>
   <id>327683</id>
   <name>micai/ci_app</name>
   <pluginKey>com.atlassian.bamboo.plugins.atlassian-bamboo-plugin-mercurial:bb</pluginKey>
   <isGlobal>false</isGlobal>
   <xml><![CDATA[<?xml version="1.0" encoding="UTF-8" standalone="no"?>
<configuration xml:space="preserve">
  <filter>
    <pattern>
      <option>none</option>
      <regex/>
    </pattern>
  </filter>
  <changeset>
    <filter>
      <pattern>
        <regex/>
      </pattern>
    </filter>
  </changeset>
  <repository>
    <common>
      <quietPeriod>
        <enabled>false</enabled>
        <period>10</period>
        <maxRetries>5</maxRetries>
      </quietPeriod>
    </common>
    <bitbucket>
      <username>micai-builder</username>
      <password>0smLwlAG9pldFPDen2Zthw==</password>
      <repository>micai/ci_app</repository>
      <scm>GIT</scm>
      <branch>master</branch>
      <showAdvancedOptions>false</showAdvancedOptions>
      <commandTimeout>180</commandTimeout>
      <verbose>
        <logs>false</logs>
      </verbose>
      <fetch>
        <whole>
          <repository>false</repository>
        </whole>
      </fetch>
      <git>
        <useShallowClones>false</useShallowClones>
        <useSubmodules>false</useSubmodules>
      </git>
    </bitbucket>
  </repository>
  <selectedWebRepositoryViewer>bamboo.webrepositoryviewer.provided:noRepositoryViewer</selectedWebRepositoryViewer>
  <bambooDelimiterParsingDisabled>true</bambooDelimiterParsingDisabled>
</configuration>
]]></xml>
  </repository>
  <repository>
   <id>327684</id>
   <name>micai/fixr</name>
   <pluginKey>com.atlassian.bamboo.plugins.atlassian-bamboo-plugin-mercurial:bb</pluginKey>
   <isGlobal>false</isGlobal>
   <xml><![CDATA[<?xml version="1.0" encoding="UTF-8" standalone="no"?>
<configuration xml:space="preserve">
  <filter>
    <pattern>
      <option>none</option>
      <regex/>
    </pattern>
  </filter>
  <changeset>
    <filter>
      <pattern>
        <regex/>
      </pattern>
    </filter>
  </changeset>
  <repository>
    <common>
      <quietPeriod>
        <enabled>false</enabled>
        <period>10</period>
        <maxRetries>5</maxRetries>
      </quietPeriod>
    </common>
    <bitbucket>
      <username>micai-builder</username>
      <password>0smLwlAG9pldFPDen2Zthw==</password>
      <repository>micai/fixr</repository>
      <scm>GIT</scm>
      <branch>master</branch>
      <showAdvancedOptions>false</showAdvancedOptions>
      <commandTimeout>180</commandTimeout>
      <verbose>
        <logs>false</logs>
      </verbose>
      <fetch>
        <whole>
          <repository>false</repository>
        </whole>
      </fetch>
      <git>
        <useShallowClones>false</useShallowClones>
        <useSubmodules>false</useSubmodules>
      </git>
    </bitbucket>
  </repository>
  <selectedWebRepositoryViewer>bamboo.webrepositoryviewer.provided:noRepositoryViewer</selectedWebRepositoryViewer>
  <bambooDelimiterParsingDisabled>true</bambooDelimiterParsingDisabled>
</configuration>
]]></xml>
  </repository>
  <repository>
   <id>327685</id>
   <name>micai/fixprotocol</name>
   <pluginKey>com.atlassian.bamboo.plugins.atlassian-bamboo-plugin-mercurial:bb</pluginKey>
   <isGlobal>false</isGlobal>
   <xml><![CDATA[<?xml version="1.0" encoding="UTF-8" standalone="no"?>
<configuration xml:space="preserve">
  <filter>
    <pattern>
      <option>none</option>
      <regex/>
    </pattern>
  </filter>
  <changeset>
    <filter>
      <pattern>
        <regex/>
      </pattern>
    </filter>
  </changeset>
  <repository>
    <common>
      <quietPeriod>
        <enabled>false</enabled>
        <period>10</period>
        <maxRetries>5</maxRetries>
      </quietPeriod>
    </common>
    <bitbucket>
      <username>micai-builder</username>
      <password>0smLwlAG9pldFPDen2Zthw==</password>
      <repository>micai/fixprotocol</repository>
      <scm>GIT</scm>
      <branch>master</branch>
      <showAdvancedOptions>false</showAdvancedOptions>
      <commandTimeout>180</commandTimeout>
      <verbose>
        <logs>false</logs>
      </verbose>
      <fetch>
        <whole>
          <repository>false</repository>
        </whole>
      </fetch>
      <git>
        <useShallowClones>false</useShallowClones>
        <useSubmodules>false</useSubmodules>
      </git>
    </bitbucket>
  </repository>
  <selectedWebRepositoryViewer>bamboo.webrepositoryviewer.provided:noRepositoryViewer</selectedWebRepositoryViewer>
  <bambooDelimiterParsingDisabled>true</bambooDelimiterParsingDisabled>
</configuration>
]]></xml>
  </repository>
  <repository>
   <id>327686</id>
   <name>micai/backend</name>
   <pluginKey>com.atlassian.bamboo.plugins.atlassian-bamboo-plugin-mercurial:bb</pluginKey>
   <isGlobal>false</isGlobal>
   <xml><![CDATA[<?xml version="1.0" encoding="UTF-8" standalone="no"?>
<configuration xml:space="preserve">
  <filter>
    <pattern>
      <option/>
      <regex/>
    </pattern>
  </filter>
  <changeset>
    <filter>
      <pattern>
        <regex/>
      </pattern>
    </filter>
  </changeset>
  <repository>
    <common>
      <quietPeriod>
        <enabled>false</enabled>
        <period>10</period>
        <maxRetries>5</maxRetries>
      </quietPeriod>
    </common>
    <bitbucket>
      <username>micai-builder</username>
      <password>0smLwlAG9pldFPDen2Zthw==
      </password>
      <repository>micai/backend</repository>
      <scm>GIT</scm>
      <branch>APP-367-market-hour-switch</branch>
      <showAdvancedOptions>false</showAdvancedOptions>
      <commandTimeout>180</commandTimeout>
      <verbose>
        <logs>false</logs>
      </verbose>
      <fetch>
        <whole>
          <repository>false</repository>
        </whole>
      </fetch>
      <git>
        <useShallowClones>false</useShallowClones>
        <useSubmodules>false</useSubmodules>
      </git>
    </bitbucket>
  </repository>
  <selectedWebRepositoryViewer>bamboo.webrepositoryviewer.provided:noRepositoryViewer</selectedWebRepositoryViewer>
  <bambooDelimiterParsingDisabled>true</bambooDelimiterParsingDisabled>
</configuration>
]]></xml>
  </repository>
  <repository>
   <id>327687</id>
   <name>micai/backend</name>
   <pluginKey>com.atlassian.bamboo.plugins.atlassian-bamboo-plugin-mercurial:bb</pluginKey>
   <isGlobal>false</isGlobal>
   <xml><![CDATA[<?xml version="1.0" encoding="UTF-8" standalone="no"?>
<configuration xml:space="preserve">
  <filter>
    <pattern>
      <option/>
      <regex/>
    </pattern>
  </filter>
  <changeset>
    <filter>
      <pattern>
        <regex/>
      </pattern>
    </filter>
  </changeset>
  <repository>
    <common>
      <quietPeriod>
        <enabled>false</enabled>
        <period>10</period>
        <maxRetries>5</maxRetries>
      </quietPeriod>
    </common>
    <bitbucket>
      <username>micai-builder</username>
      <password>0smLwlAG9pldFPDen2Zthw==
      </password>
      <repository>micai/backend</repository>
      <scm>GIT</scm>
      <branch>BACK-132-make-sure-only-one-process-will</branch>
      <showAdvancedOptions>false</showAdvancedOptions>
      <commandTimeout>180</commandTimeout>
      <verbose>
        <logs>false</logs>
      </verbose>
      <fetch>
        <whole>
          <repository>false</repository>
        </whole>
      </fetch>
      <git>
        <useShallowClones>false</useShallowClones>
        <useSubmodules>false</useSubmodules>
      </git>
    </bitbucket>
  </repository>
  <selectedWebRepositoryViewer>bamboo.webrepositoryviewer.provided:noRepositoryViewer</selectedWebRepositoryViewer>
  <bambooDelimiterParsingDisabled>true</bambooDelimiterParsingDisabled>
</configuration>
]]></xml>
  </repository>
  <repository>
   <id>327688</id>
   <name>micai/backend</name>
   <pluginKey>com.atlassian.bamboo.plugins.atlassian-bamboo-plugin-mercurial:bb</pluginKey>
   <isGlobal>false</isGlobal>
   <xml><![CDATA[<?xml version="1.0" encoding="UTF-8" standalone="no"?>
<configuration xml:space="preserve">
  <filter>
    <pattern>
      <option/>
      <regex/>
    </pattern>
  </filter>
  <changeset>
    <filter>
      <pattern>
        <regex/>
      </pattern>
    </filter>
  </changeset>
  <repository>
    <common>
      <quietPeriod>
        <enabled>false</enabled>
        <period>10</period>
        <maxRetries>5</maxRetries>
      </quietPeriod>
    </common>
    <bitbucket>
      <username>micai-builder</username>
      <password>0smLwlAG9pldFPDen2Zthw==
      </password>
      <repository>micai/backend</repository>
      <scm>GIT</scm>
      <branch>beta1</branch>
      <showAdvancedOptions>false</showAdvancedOptions>
      <commandTimeout>180</commandTimeout>
      <verbose>
        <logs>false</logs>
      </verbose>
      <fetch>
        <whole>
          <repository>false</repository>
        </whole>
      </fetch>
      <git>
        <useShallowClones>false</useShallowClones>
        <useSubmodules>false</useSubmodules>
      </git>
    </bitbucket>
  </repository>
  <selectedWebRepositoryViewer>bamboo.webrepositoryviewer.provided:noRepositoryViewer</selectedWebRepositoryViewer>
  <bambooDelimiterParsingDisabled>true</bambooDelimiterParsingDisabled>
</configuration>
]]></xml>
  </repository>
  <repository>
   <id>327689</id>
   <name>micai/backend</name>
   <pluginKey>com.atlassian.bamboo.plugins.atlassian-bamboo-plugin-mercurial:bb</pluginKey>
   <isGlobal>false</isGlobal>
   <xml><![CDATA[<?xml version="1.0" encoding="UTF-8" standalone="no"?>
<configuration xml:space="preserve">
  <filter>
    <pattern>
      <option/>
      <regex/>
    </pattern>
  </filter>
  <changeset>
    <filter>
      <pattern>
        <regex/>
      </pattern>
    </filter>
  </changeset>
  <repository>
    <common>
      <quietPeriod>
        <enabled>false</enabled>
        <period>10</period>
        <maxRetries>5</maxRetries>
      </quietPeriod>
    </common>
    <bitbucket>
      <username>micai-builder</username>
      <password>0smLwlAG9pldFPDen2Zthw==
      </password>
      <repository>micai/backend</repository>
      <scm>GIT</scm>
      <branch>FIX-54-fixprotocol-add-asyncio-loop</branch>
      <showAdvancedOptions>false</showAdvancedOptions>
      <commandTimeout>180</commandTimeout>
      <verbose>
        <logs>false</logs>
      </verbose>
      <fetch>
        <whole>
          <repository>false</repository>
        </whole>
      </fetch>
      <git>
        <useShallowClones>false</useShallowClones>
        <useSubmodules>false</useSubmodules>
      </git>
    </bitbucket>
  </repository>
  <selectedWebRepositoryViewer>bamboo.webrepositoryviewer.provided:noRepositoryViewer</selectedWebRepositoryViewer>
  <bambooDelimiterParsingDisabled>true</bambooDelimiterParsingDisabled>
</configuration>
]]></xml>
  </repository>
  <repository>
   <id>1507329</id>
   <name>micai/backend</name>
   <pluginKey>com.atlassian.bamboo.plugins.atlassian-bamboo-plugin-mercurial:bb</pluginKey>
   <isGlobal>false</isGlobal>
   <xml><![CDATA[<?xml version="1.0" encoding="UTF-8" standalone="no"?>
<configuration xml:space="preserve">
  <filter>
    <pattern>
      <option/>
      <regex/>
    </pattern>
  </filter>
  <changeset>
    <filter>
      <pattern>
        <regex/>
      </pattern>
    </filter>
  </changeset>
  <repository>
    <common>
      <quietPeriod>
        <enabled>false</enabled>
        <period>10</period>
        <maxRetries>5</maxRetries>
      </quietPeriod>
    </common>
    <bitbucket>
      <username>micai-builder</username>
      <password>0smLwlAG9pldFPDen2Zthw==
      </password>
      <repository>micai/backend</repository>
      <scm>GIT</scm>
      <branch>APP-372-forgot-password</branch>
      <showAdvancedOptions>false</showAdvancedOptions>
      <commandTimeout>180</commandTimeout>
      <verbose>
        <logs>false</logs>
      </verbose>
      <fetch>
        <whole>
          <repository>false</repository>
        </whole>
      </fetch>
      <git>
        <useShallowClones>false</useShallowClones>
        <useSubmodules>false</useSubmodules>
      </git>
    </bitbucket>
  </repository>
  <selectedWebRepositoryViewer>bamboo.webrepositoryviewer.provided:noRepositoryViewer</selectedWebRepositoryViewer>
  <bambooDelimiterParsingDisabled>true</bambooDelimiterParsingDisabled>
</configuration>
]]></xml>
  </repository>
  <repository>
   <id>1507330</id>
   <name>micai/backend</name>
   <pluginKey>com.atlassian.bamboo.plugins.atlassian-bamboo-plugin-mercurial:bb</pluginKey>
   <isGlobal>false</isGlobal>
   <xml><![CDATA[<?xml version="1.0" encoding="UTF-8" standalone="no"?>
<configuration xml:space="preserve">
  <filter>
    <pattern>
      <option/>
      <regex/>
    </pattern>
  </filter>
  <changeset>
    <filter>
      <pattern>
        <regex/>
      </pattern>
    </filter>
  </changeset>
  <repository>
    <common>
      <quietPeriod>
        <enabled>false</enabled>
        <period>10</period>
        <maxRetries>5</maxRetries>
      </quietPeriod>
    </common>
    <bitbucket>
      <username>micai-builder</username>
      <password>0smLwlAG9pldFPDen2Zthw==
      </password>
      <repository>micai/backend</repository>
      <scm>GIT</scm>
      <branch>BACK-138-improper-brokeraccountaccount-u</branch>
      <showAdvancedOptions>false</showAdvancedOptions>
      <commandTimeout>180</commandTimeout>
      <verbose>
        <logs>false</logs>
      </verbose>
      <fetch>
        <whole>
          <repository>false</repository>
        </whole>
      </fetch>
      <git>
        <useShallowClones>false</useShallowClones>
        <useSubmodules>false</useSubmodules>
      </git>
    </bitbucket>
  </repository>
  <selectedWebRepositoryViewer>bamboo.webrepositoryviewer.provided:noRepositoryViewer</selectedWebRepositoryViewer>
  <bambooDelimiterParsingDisabled>true</bambooDelimiterParsingDisabled>
</configuration>
]]></xml>
  </repository>
  <repository>
   <id>1507331</id>
   <name>micai/backend</name>
   <pluginKey>com.atlassian.bamboo.plugins.atlassian-bamboo-plugin-mercurial:bb</pluginKey>
   <isGlobal>false</isGlobal>
   <xml><![CDATA[<?xml version="1.0" encoding="UTF-8" standalone="no"?>
<configuration xml:space="preserve">
  <filter>
    <pattern>
      <option/>
      <regex/>
    </pattern>
  </filter>
  <changeset>
    <filter>
      <pattern>
        <regex/>
      </pattern>
    </filter>
  </changeset>
  <repository>
    <common>
      <quietPeriod>
        <enabled>false</enabled>
        <period>10</period>
        <maxRetries>5</maxRetries>
      </quietPeriod>
    </common>
    <bitbucket>
      <username>micai-builder</username>
      <password>0smLwlAG9pldFPDen2Zthw==
      </password>
      <repository>micai/backend</repository>
      <scm>GIT</scm>
      <branch>BACK-104-remove-all-demo-auto-simulation</branch>
      <showAdvancedOptions>false</showAdvancedOptions>
      <commandTimeout>180</commandTimeout>
      <verbose>
        <logs>false</logs>
      </verbose>
      <fetch>
        <whole>
          <repository>false</repository>
        </whole>
      </fetch>
      <git>
        <useShallowClones>false</useShallowClones>
        <useSubmodules>false</useSubmodules>
      </git>
    </bitbucket>
  </repository>
  <selectedWebRepositoryViewer>bamboo.webrepositoryviewer.provided:noRepositoryViewer</selectedWebRepositoryViewer>
  <bambooDelimiterParsingDisabled>true</bambooDelimiterParsingDisabled>
</configuration>
]]></xml>
  </repository>
 </repositories>
</bamboo>