<?xml version='1.1' encoding='UTF-8' standalone='yes'?>
<bamboo>
 <date>Mon Dec 29 15:33:32 CST 2014</date>
 <version>5.7.1</version>
 <buildDate>24-Nov-2014</buildDate>
 <build>5715</build>
 <serverID>B5L5-MUNR-UV90-BR71</serverID>
 <sharedCapabilities>
  <local>
   <capability key="system.git.executable" value="/usr/bin/git"/>
   <capability key="system.jdk.JDK" value="/usr/lib/jvm/java-7-oracle"/>
   <capability key="system.jdk.JDK 1.7" value="/usr/lib/jvm/java-7-oracle"/>
   <capability key="system.jdk.JDK 1.7.0_72" value="/usr/lib/jvm/java-7-oracle"/>
  </local>
  <remote/>
 </sharedCapabilities>
</bamboo>