<?xml version='1.1' encoding='UTF-8' standalone='yes'?>
<bamboo>
 <date>Mon Dec 29 15:33:32 CST 2014</date>
 <version>5.7.1</version>
 <buildDate>24-Nov-2014</buildDate>
 <build>5715</build>
 <serverID>B5L5-MUNR-UV90-BR71</serverID>
 <vcsBranches>
  <vcsBranch>
   <name>demo</name>
   <chainId>393217</chainId>
  </vcsBranch>
  <vcsBranch>
   <name>BACK-133-continuous-price-updates-from-s</name>
   <chainId>393217</chainId>
  </vcsBranch>
  <vcsBranch>
   <name>APP-292-profit-performance-graph</name>
   <chainId>393217</chainId>
  </vcsBranch>
  <vcsBranch>
   <name>BACK-136-reconcilebalance-reconcile-stoc</name>
   <chainId>393217</chainId>
  </vcsBranch>
  <vcsBranch>
   <name>BACK-78-correct-for-management-fees</name>
   <chainId>393217</chainId>
  </vcsBranch>
  <vcsBranch>
   <name>BACK-131-fix-broken-tests</name>
   <chainId>393217</chainId>
  </vcsBranch>
  <vcsBranch>
   <name>BACK-141-sell-first-then-buy</name>
   <chainId>393217</chainId>
  </vcsBranch>
  <vcsBranch>
   <name>BACK-36-devicetoken-authentication</name>
   <chainId>393217</chainId>
  </vcsBranch>
  <vcsBranch>
   <name>BACK-126-crash-appears-at-end-of-tests-b</name>
   <chainId>393217</chainId>
  </vcsBranch>
  <vcsBranch>
   <name>BACK-95-test-failure-test_get_current_al</name>
   <chainId>393217</chainId>
  </vcsBranch>
  <vcsBranch>
   <name>BACK-128</name>
   <chainId>393217</chainId>
  </vcsBranch>
  <vcsBranch>
   <name>ux-day</name>
   <chainId>393217</chainId>
  </vcsBranch>
  <vcsBranch>
   <name>BACK-129-add-server-side-settings</name>
   <chainId>393217</chainId>
  </vcsBranch>
  <vcsBranch>
   <name>BACK-135-historical_price-check</name>
   <chainId>393217</chainId>
  </vcsBranch>
  <vcsBranch>
   <name>BACK-137-ci_app-integration-for-price-up</name>
   <chainId>393217</chainId>
  </vcsBranch>
  <vcsBranch>
   <name>BACK-102</name>
   <chainId>393217</chainId>
  </vcsBranch>
  <vcsBranch>
   <name>FIX-35-when-using-the-test-server-set-si</name>
   <chainId>393217</chainId>
  </vcsBranch>
  <vcsBranch>
   <name>BACK-96-bamboo-ci-server</name>
   <chainId>393217</chainId>
  </vcsBranch>
  <vcsBranch>
   <name>BACK-106-test-with-real-broker-account</name>
   <chainId>393217</chainId>
  </vcsBranch>
  <vcsBranch>
   <name>BACK-101-celery-task-for-hourly-updates-</name>
   <chainId>393217</chainId>
  </vcsBranch>
  <vcsBranch>
   <name>BACK-139-record-share-reconciliations-as</name>
   <chainId>393217</chainId>
  </vcsBranch>
  <vcsBranch>
   <name>BACK-118-send-proper-sendercompid</name>
   <chainId>393217</chainId>
  </vcsBranch>
  <vcsBranch>
   <name>APP-313-popup-for-errors-with-report-opt</name>
   <chainId>393217</chainId>
  </vcsBranch>
  <vcsBranch>
   <name>BACK-120-deposit-of-200000000-results-in</name>
   <chainId>393217</chainId>
  </vcsBranch>
  <vcsBranch>
   <name>stable</name>
   <chainId>393217</chainId>
  </vcsBranch>
  <vcsBranch>
   <name>BACK-123-add-developer-figyml-file</name>
   <chainId>393217</chainId>
  </vcsBranch>
  <vcsBranch>
   <name>master</name>
   <chainId>393217</chainId>
  </vcsBranch>
  <vcsBranch>
   <name>BACK-119-add-withdrawal-process</name>
   <chainId>393217</chainId>
  </vcsBranch>
  <vcsBranch>
   <name>BACK-128-transfere-api-should-return-not</name>
   <chainId>393217</chainId>
  </vcsBranch>
  <vcsBranch>
   <name>APP-314-broker-account-api</name>
   <chainId>393217</chainId>
  </vcsBranch>
  <vcsBranch>
   <name>FIX-65-retry-getbankbalance-if-we-get-fa</name>
   <chainId>393217</chainId>
  </vcsBranch>
  <vcsBranch>
   <name>BACK-133-continuous-price-ASYNCIO-ver</name>
   <chainId>393217</chainId>
  </vcsBranch>
  <vcsBranch>
   <name>BACK-128-pending-in-transfere-api</name>
   <chainId>393217</chainId>
  </vcsBranch>
  <vcsBranch>
   <name>BACK-100-broker-integration</name>
   <chainId>393217</chainId>
  </vcsBranch>
  <vcsBranch>
   <name>BACK-143-price-zero-recorded-in-historic</name>
   <chainId>393217</chainId>
  </vcsBranch>
  <vcsBranch>
   <name>BACK-125-save-market-prices-received-fro</name>
   <chainId>393217</chainId>
  </vcsBranch>
  <vcsBranch>
   <name>BACK-72-swagger-api-key-functionality</name>
   <chainId>393217</chainId>
  </vcsBranch>
  <vcsBranch>
   <name>BACK-142-handle-t1-rule</name>
   <chainId>393217</chainId>
  </vcsBranch>
  <vcsBranch>
   <name>BACK-115-historical-data-watcher</name>
   <chainId>393217</chainId>
  </vcsBranch>
  <vcsBranch>
   <name>BACK-89-admin-add-read-only-portfolio-vi</name>
   <chainId>393217</chainId>
  </vcsBranch>
  <vcsBranch>
   <name>APP-367-market-hour-switch</name>
   <chainId>393217</chainId>
  </vcsBranch>
  <vcsBranch>
   <name>BACK-132-make-sure-only-one-process-will</name>
   <chainId>393217</chainId>
  </vcsBranch>
  <vcsBranch>
   <name>beta1</name>
   <chainId>393217</chainId>
  </vcsBranch>
  <vcsBranch>
   <name>FIX-54-fixprotocol-add-asyncio-loop</name>
   <chainId>393217</chainId>
  </vcsBranch>
  <vcsBranch>
   <name>APP-372-forgot-password</name>
   <chainId>393217</chainId>
  </vcsBranch>
  <vcsBranch>
   <name>BACK-138-improper-brokeraccountaccount-u</name>
   <chainId>393217</chainId>
  </vcsBranch>
  <vcsBranch>
   <name>BACK-104-remove-all-demo-auto-simulation</name>
   <chainId>393217</chainId>
  </vcsBranch>
 </vcsBranches>
</bamboo>